시군명,사업장명,인허가일자,인허가취소일자,영업상태구분코드,영업상태명,폐업일자,소재지시설전화번호,소재지면적정보,도로명우편번호,소재지도로명주소,소재지지번주소,소재지우편번호,WGS84위도,WGS84경도,업태구분명정보,X좌표값,Y좌표값,점포구분명
고양시,라페스타,20030701,,1,정상영업,,031-920-9600,28608,410837,"경기도 고양시 일산동구 중앙로 1305-56, D동 3층 1호 (장항동)",경기도 고양시 일산동구 장항동 765번지 라페스타 쇼핑몰  D동 301-1호,410380,37.6610259,126.7683192,그 밖의 대규모점포,179468.243313613    ,462123.032607408    ,대규모점포
고양시,(주)이마트에브리데이 일산2호점,2012-06-01,,1,정상영업,,,997.28,411-852,경기도 고양시 일산서구 일청로 46 (일산동),경기도 고양시 일산서구 일산동 588번지 1호,411-852,37.6877423505,126.7728728924,구분없음,179899.116192876    ,465058.323539311    ,준대규모점포
고양시,뉴서울프라자,19911118,,1,정상영업,,031 914 0300,7334.79,,경기도 고양시 일산서구 중앙로 1371 (주엽동),경기도 고양시일산서구 주엽동 81호,10366,37.6666253,126.7660121,그 밖의 대규모점포,179290.502288104    ,462727.239411742    ,대규모점포
고양시,롯데쇼핑(주) 롯데마트 화정점,2001-05-26,,1,정상영업,,"947-2500, 930-2011",6916.04,412-827,경기도 고양시 덕양구 화중로 66 (화정동),경기도 고양시덕양구 화정동 982호,10500,37.6329529662,126.8311167607,대형마트,185024.681774615    ,458969.125315118    ,대규모점포
고양시,홈플러스(주) 익스프레스 탄현2점,2012-03-22,,1,정상영업,,031-917-8545,189,411-320,경기도 고양시 일산서구 산현로17번길 9 (탄현동),경기도 고양시 일산서구 탄현동 1576번지 5호,411-320,37.6900357343,126.7633571965,구분없음,179058.795          ,465330.68           ,준대규모점포
고양시,스타필드 고양,2016-04-25,,1,정상영업,,070-7896-7801,129225,10595,"경기도 고양시 덕양구 고양대로 1955, 스타필드 고양 (동산동)",경기도 고양시 덕양구 동산동 370 스타필드 고양,10595,37.6470962619,126.8948092677,복합쇼핑몰,190645.314309928    ,460528.947974088    ,대규모점포
고양시,홈플러스 익스프레스 후곡2점,20120403,,1,정상영업,,031-923-8543,380.36,411827,경기도 고양시 일산서구 일산로 571 (일산동),경기도 고양시 일산서구 일산3동 1060번지 뉴시티프라자 1층,411827,37.6787670,126.7644092,구분없음,179151.981593488    ,464076.049428838    ,준대규모점포
고양시,그랜드백화점일산점,19961115,,1,정상영업,,917-0144,18957.13,,경기도 고양시 일산서구 중앙로 1436 (주엽동),경기도 고양시일산서구 주엽동 22호,10387,37.6709039,126.7611019,백화점,178859.791398959    ,463205.227173138    ,대규모점포
고양시,홈플러스 익스프레스 고양성사점,20120403,,1,정상영업,,031-968-8545,399.59,412806,경기도 고양시 덕양구 호국로 822 (성사동),경기도 고양시 덕양구 성사1동 501번지 2호 명지캐럿  101호,412806,37.6585311826,126.8388461306,구분없음,185710.90617803     ,461803.393283108    ,준대규모점포
고양시,고양 원마운트,20130313,,1,정상영업,,1566-2232,31767.45,411802,경기도 고양시 일산서구 한류월드로 300 (대화동),경기도 고양시 일산서구 대화동 300번지,411802,37.6643761,126.7544363,복합쇼핑몰,178268.135568909    ,462480.734362689    ,대규모점포
고양시,(주)이마트 화정점,1997-01-29,,1,정상영업,,0319951052,8988,412-749,"경기도 고양시 덕양구 백양로 79 (화정동, 이마트)",경기도 고양시덕양구 화정동 976번지,412-270,37.6326864598,126.8333971579,그 밖의 대규모점포,185226.158241731    ,458936.976683497    ,대규모점포
고양시,홈플러스테스코 일산점,19980917,,1,정상영업,,0319069100,12733.77,,경기도 고양시 일산동구 중앙로1275번길 64 (장항동),경기도 고양시일산동구 장항동 755번지,410380,37.6589637,126.7688243,대형마트,179536.212704008    ,461876.531597015    ,
고양시,롯데아울렛 고양터미널점,20130724,,1,정상영업,,936-7740,21623,10450,"경기도 고양시 일산동구 중앙로 1036 (백석동, 베스트 고양터미널)",경기도 고양시 일산동구 백석동 1242번지,10450,37.6431641,126.7896540,복합쇼핑몰,181369.967204096    ,460117.354561195    ,대규모점포
고양시,롯데아울렛 고양점,2016-10-28,,1,정상영업,,031-8035-2612,16529.11,10551,경기도 고양시 덕양구 권율대로 420(도내동),경기도 고양시 덕양구 도내동 1003 이케아 고양점,10551,37.6295877482,126.8631057368,쇼핑센터,187849.01957446     ,458589.280565554    ,대규모점포
고양시,이마트 풍산점,2012-11-21,,1,정상영업,,02-380-9414,12545,10311,경기도 고양시 일산동구 무궁화로 237 (중산동),경기도 고양시 일산동구 중산동 1809번지,10311,37.6738948112,126.7871031801,대형마트,181149.682181138    ,463521.801944649    ,대규모점포
고양시,홈플러스(주)익스프레스 탄현점,20120322,,1,정상영업,,031-916-8545,363,411840,경기도 고양시 일산서구 일현로 123 (탄현동),경기도 고양시 일산서구 탄현동 139번지 32호,411320,37.6978513,126.7653459,구분없음,179240.700409735    ,466193.295792191    ,준대규모점포
고양시,홈플러스(주) 킨텍스점,2010-08-04,,1,정상영업,,031-932-1558,20138,411-410,경기도 고양시 일산서구 호수로 817 (대화동),경기도 고양시 일산서구 대화동 2602번지,411-410,37.6679786706,126.7516242854,대형마트,178006.080301401    ,462865.812502378    ,대규모점포
고양시,(주)이마트 스타필드마켓 일산점,2013-01-24,,1,정상영업,,031-936-1123,27094.76,10390,"경기도 고양시 일산서구 킨텍스로 171 (대화동, 이마트타운)",경기도 고양시 일산서구 대화동 2703번지,10390,37.6615673830,126.7441037261,대형마트,177349.707402843    ,462162.606173795    ,대규모점포
고양시,올리브상가,19980613,,1,정상영업,,031-901-5414,11890,,경기도 고양시 일산동구 중앙로 1130 (마두동),경기도 고양시일산동구 마두동 806번지,410350,37.6496066,126.7802078,그 밖의 대규모점포,180539.609005671    ,460835.850681465    ,대규모점포
고양시,뉴코아 아울렛 일산점,1996-04-26,,1,정상영업,,031-900-5501,22291.47,410-731,"경기도 고양시 일산동구 중앙로 1206 (마두동, 뉴코아백화점일산점)",경기도 고양시일산동구 마두동 797호,10414,37.6545799678,126.7768241412,그 밖의 대규모점포,180259.17           ,461406.409999999    ,대규모점포
고양시,요진타워,19970609,,1,정상영업,,031-978-0030,5371.17,,경기도 고양시 덕양구 화신로260번길 57 (화정동),경기도 고양시덕양구 화정동 973호,10500,37.6334945,126.8326751,그 밖의 대규모점포,185166.687145694    ,459037.825613683    ,대규모점포
고양시,롯데백화점 일산점,19990920,,1,정상영업,,031 9092701,,,,경기도 고양시일산동구 장항동 784-2호   ,,,,백화점,,,
고양시,한솔코아,19980205,,1,정상영업,,915-0 811,10126.54,,경기도 고양시 일산서구 중앙로 1406 (주엽동),경기도 고양시일산서구 주엽동 72-2호,10386,37.6692697,126.7638275,그 밖의 대규모점포,,,
고양시,GS THE FRESH 행신사거리점,2024-01-17,,1,정상영업,,031-971-0244,337.19,10517,"경기도 고양시 덕양구 행신로 151, 1층 (행신동, 양일빌딩)",경기도 고양시 덕양구 행신동 616-1 양일빌딩,10517,37.6194198897,126.8319858946,구분없음,185099.284190187    ,457469.600901344    ,준대규모점포
고양시,(주)이마트에브리데이 고양덕이점,2022-08-10,,1,정상영업,,02-380-5042,1111.32,10231,"경기도 고양시 일산서구 하이파크2로 65, 1층 (덕이동)",경기도 고양시 일산서구 덕이동 373-21,10231,37.6998247824,126.7562954020,구분없음,178440.320567802    ,466401.449064464    ,준대규모점포
고양시,(주)이마트에브리데이 신원당점,2023-03-29,,1,정상영업,,031-994-0274,643.63,10468,"경기도 고양시 덕양구 고양대로1384번길 6, 지하층 1~3호 (성사동)",경기도 고양시 덕양구 성사동 726,10468,37.6539970107,126.8371518336,구분없음,185439.519310023    ,461265.376605749    ,준대규모점포
고양시,롯데쇼핑(주) 롯데마트 고양점,1996-10-10,,1,정상영업,,031-930-7008,11214.7,10495,"경기도 고양시 덕양구 충장로 150, 및 중앙로558번길 21 (행신동)",경기도 고양시 덕양구 행신동 941 롯데마트 고양점,10495,37.6251848131,126.8361385651,대형마트,185469.285638831    ,458105.907013269    ,대규모점포
고양시,롯데쇼핑(주) 롯데백화점 일산점,2007-05-01,,1,정상영업,,031-909-2714,34419,410-738,"경기도 고양시 일산동구 중앙로 1283 (장항동, 롯데백화점일산점)",경기도 고양시일산동구 장항동 784호,10401,37.6604725838,126.7720959057,백화점,179812.331183859    ,462059.506265122    ,대규모점포
고양시,에비뉴 드 엘로이,2025-06-23,,1,정상영업,,02-782-9114,25203.39,,,경기도 고양시 일산동구 풍동 1183,,37.6635465656,126.7921393871,그 밖의 대규모점포,181588.686552499    ,462370.643368579    ,대규모점포
고양시,레이킨스몰,20100826,,1,정상영업,,0319121170,7121,411410,경기도 고양시 일산서구 호수로 817 (대화동),경기도 고양시 일산서구 대화동 2602번지,411410,37.6679645,126.7513867,그 밖의 대규모점포,178006.080301401    ,462865.812502378    ,대규모점포
고양시,포리치,19980613,,1,정상영업,,919-5857,7733,,경기도 고양시 일산서구 중앙로 1376 (주엽동),경기도 고양시일산서구 주엽동 75번지,411370,37.6673210,126.7670186,그 밖의 대규모점포,179379.074360347    ,462805.739928927    ,
고양시,이케아 고양점,2016-10-28,,1,정상영업,,02-310-8700,25226.79,10551,"경기도 고양시 덕양구 권율대로 420 (도내동, 이케아고양점)",경기도 고양시 덕양구 도내동 1003번지,10551,37.6295877482,126.8631057368,전문점,187849.01957446     ,458589.280565554    ,대규모점포
고양시,홈플러스(주) 고양터미널점,2011-06-15,,1,정상영업,,031-960-8264,18422.06,410-816,경기도 고양시 일산동구 중앙로 1036-0 (백석동),경기도 고양시 일산동구 백석동 1242번지,410-816,37.6431934574,126.7897203592,대형마트,181369.967204096    ,460117.354561195    ,대규모점포
고양시,롯데쇼핑(주) 롯데마트 주엽점,2000-01-10,,1,정상영업,,"910-3312,3315,3323",9665,411-748,"경기도 고양시 일산서구 중앙로 1496 (주엽동, 문촌마을11단지아파트)",경기도 고양시일산서구 주엽동 15호,10379,37.6731569387,126.7552122529,대형마트,178348.883331191    ,463464.183725362    ,대규모점포
고양시,현대백화점 킨텍스점,2010-07-13,,1,정상영업,,031 822 2233,37832.73,10391,경기도 고양시 일산서구 호수로 817 (대화동),경기도 고양시 일산서구 대화동 2602번지,10391,37.6679786706,126.7516242854,백화점,178006.080301401    ,462865.812502378    ,대규모점포
고양시,뉴삼창마트,19961231,,1,정상영업,,031 9037888,5768.57,,,"경기도 고양시일산동구 마두동 802,3호",10414,,,그 밖의 대규모점포,,,대규모점포
고양시,두진레이크,20150306,,1,정상영업,,031 912 6011,4162,411742,경기도 고양시 일산서구 중앙로 1391-0 (주엽동),경기도 고양시 일산서구 주엽동 83번지,412290,37.6677395,126.7645465,그 밖의 대규모점포,179162.766413313    ,462851.25056701     ,대규모점포
고양시,일산시장,19811020,,1,정상영업,,975-3903,0,,경기도 고양시 일산서구 일청로12번길 9 (일산동),경기도 고양시일산서구 일산동 617-20호,10342,37.6856543,126.7708718,시장,,,
고양시,홈플러스(주) 일산점,2007-09-11,,1,정상영업,,031-926-8035,12885,410-837,경기도 고양시 일산동구 중앙로1275번길 64 (장항동),경기도 고양시 일산동구 장항동 755번지,410-837,37.6590645766,126.7688671725,대형마트,179536.212704008    ,461876.531597015    ,대규모점포
고양시,e-편한세상 시티 삼송(World Avenue),20180410,,1,정상영업,,031-782-3752,11120.34,10595,경기도 고양시 덕양구 동송로 33 (동산동),경기도 고양시 덕양구 동산동 369번지,10595,37.6495255,126.8964231,그 밖의 대규모점포,190793.816366137    ,460809.288799795    ,대규모점포
고양시,유니코(UNICO),19941011,,1,정상영업,,0344 9001201,6360.45,,경기도 고양시 일산동구 중앙로 1124 (백석동),경기도 고양시일산동구 백석동 1194호,10421,37.6478809,126.7823999,그 밖의 대규모점포,180731.148172095    ,460645.088503364    ,대규모점포
고양시,대우로얄마트,19960524,,1,정상영업,,905-4051,7133.47,,경기도 고양시 일산동구 중앙로 1129 (장항동),경기도 고양시일산동구 장항동 902호,10422,37.6488301,126.7792923,그 밖의 대규모점포,180458.844874681    ,460748.278360947    ,
고양시,태영프라자,19920701,,1,정상영업,,031 9154147,2634.86,411848,경기도 고양시 일산서구 중앙로 1388 (주엽동),경기도 고양시 일산서구 주엽동 73번지,411848,37.6685431,126.7654053,그 밖의 대규모점포,179238.725261115    ,462941.223697841    ,대규모점포
고양시,힐스몰,20190604,,1,정상영업,,02-381-8036,7989.5,10591,경기도 고양시 덕양구 동송로 70 (삼송동),경기도 고양시 덕양구 삼송동 291번지,10591,37.6524252132,126.8969766222,그 밖의 대규모점포,190814.230280765    ,461119.453768538    ,대규모점포
고양시,(주)이마트에브리데이 탄현역점,2013-05-30,,1,정상영업,,031-724-7081,1775.01,411-320,"경기도 고양시 일산서구 일현로 97-11 (탄현동, 위브더제니스 스퀘어)",경기도 고양시 일산서구 탄현동 1640번지 위브더제니스 스퀘어,411-320,37.6952287066,126.7635780487,구분없음,179005.665068939    ,465786.029740427    ,준대규모점포
고양시,세이브존,1998-09-24,,1,정상영업,,031-978-9000,13513.27,10500,"경기도 고양시 덕양구 화정로 52, 세이브존 (화정동)",경기도 고양시 덕양구 화정동 970번지 세이브존,10500,37.6343605119,126.8313761507,그 밖의 대규모점포,185048.426384758    ,459123.51978397     ,대규모점포
고양시,롯데쇼핑(주) 롯데슈퍼일산점,2012-03-26,,1,정상영업,,031-976-5600,1119.2,410-831,경기도 고양시 일산동구 고봉로 250 (중산동),경기도 고양시 일산동구 중산동 1669번지 3호,410-831,37.6816119593,126.7785124016,구분없음,180396.246472763    ,464432.961173643    ,준대규모점포
고양시,홈플러스(주) 익스프레스 고양토당점,2013-06-04,,1,정상영업,,031-978-8560,302.3,412-821,경기도 고양시 덕양구 지도로35번길 12-3 (토당동),경기도 고양시 덕양구 토당동 387번지 1호,412-818,37.6207518696,126.8237246006,구분없음,184353.219963187    ,457627.740291999    ,준대규모점포
고양시,웨스턴돔,20070416,,1,정상영업,,031 9328408,32905.73,,경기도 고양시 일산동구 정발산로 24 (장항동),경기도 고양시일산동구 장항동 867호,10403,37.6557984,126.7719280,쇼핑센터,179810.178969729    ,461526.164368873    ,
고양시,홈플러스(주) 익스프레스 후곡점,2012-03-29,,1,정상영업,,031-913-8545,320.4,411-827,"경기도 고양시 일산서구 일산로 530, 1층 4호 (일산동)",경기도 고양시 일산서구 일산3동 1080번지 모아프라자  104호,411-827,37.6774980239,126.7690945560,구분없음,179561.662632651    ,463924.147534329    ,준대규모점포
고양시,코스트코 홀세일 일산점,20080102,,1,정상영업,,031-904-3300,14989,,경기도 고양시 일산동구 장백로 25 (백석동),경기도 고양시일산동구 백석동 1312번지,410360,37.6407745,126.7885164,대형마트,181269.282136063    ,459854.286250466    ,대규모점포
고양시,대우로얄마트,19960524,,1,정상영업,,031-905-4501,4026,10422,"경기도 고양시 일산동구 중앙로 1129 (장항동, 호수마을1단지아파트)",경기도 고양시 일산동구 장항동 902번지,10422,37.6488301,126.7792923,그 밖의 대규모점포,180458.844874681    ,460748.278360947    ,대규모점포
과천시,GS THE FRESH 과천자이점,2022-01-06,,1,정상영업,,022062678,370.2,13833,"경기도 과천시 별양로 142, 131~144호 (별양동)",경기도 과천시 별양동 52,13833,37.4303229148,126.9989965421,그 밖의 대규모점포,,,준대규모점포
과천시,(주)지에스리테일 과천3점,2012-05-21,,1,정상영업,,0269337200,1021.67,427-739,경기도 과천시 별양로 28 (원문동),경기도 과천시 원문동 4번지 래미안슈르 상가 지하 1층,427-739,37.4212219530,126.9912252368,그 밖의 대규모점포,199247.7714676      ,435394.603870331    ,준대규모점포
과천시,새서울프라자,1998-02-06,,1,정상영업,,02 5035911,0,,경기도 과천시 별양상가2로 20 (별양동),경기도 과천시 별양동 1번지 18호,13837,37.4268251693,126.9925549060,그 밖의 대규모점포,199271.515          ,436077.66           ,대규모점포
과천시,과천3차현대종합상가,19890303,,1,정상영업,,02 5022910,,,,경기도 과천시 별양동 52호   ,13833,37.4282189,126.9986113,그 밖의 대규모점포,199812.128563146    ,436237.650810359    ,
과천시,과천2차종합상가,19890404,,1,정상영업,,02 5020223,,,,경기도 과천시 원문동 4호   ,13835,37.4205780,126.9922516,그 밖의 대규모점포,199247.946796833    ,435394.511194376    ,
과천시,이마트과천점,2015-03-17,,1,정상영업,,02-380-9396,9798,427-800,경기도 과천시 별양상가3로 11-0 (별양동),경기도 과천시 별양동 1-19번지,13837,37.4262633755,126.9918692595,복합쇼핑몰,199209.021144538    ,436019.965418918    ,대규모점포
광명시,이케아 광명점,2014-07-25,,1,정상영업,,02-310-8700,27668.48,423-090,경기도 광명시 일직로 17 (일직동),경기도 광명시 일직동 500번지,14352,37.4242749767,126.8827963758,전문점,,,대규모점포
광명시,골든힐시장,19920511,,1,정상영업,,0280911114,,,경기도 광명시 범안로 1056 (하안동),경기도 광명시 하안동 53번지 1   호   ,14306,37.4623483,126.8802091,그 밖의 대규모점포,,,
광명시,(주)이마트에브리데이 광명점,2024-05-31,,1,정상영업,,2067-8784,1279.03,423-010,경기도 광명시 오리로 970 (광명동),경기도 광명시 광명3동 150번지 19호 광명크로앙스 지하 2층,423-808,37.4794646202,126.8556619346,구분없음,187160.874188076    ,441928.353304808    ,준대규모점포
광명시,(주) 이마트 광명소하점,2023-07-03,,1,정상영업,,02-6918-1234,14847.87,423-051,경기도 광명시 소하로 97 (소하동),경기도 광명시 소하1동 1339번지 3호,423-051,37.4465293847,126.8844789638,대형마트,189714.449800306    ,438279.937828733    ,대규모점포
광명시,광명한진타운시장,20040412,,1,정상영업,,2689-9232,6014.2,423704,경기도 광명시 광명로 877 (광명동),경기도 광명시 광명4동 200번지 6호,423704,37.4776778,126.8521013,그 밖의 대규모점포,186852.342575003    ,441740.296281231    ,대규모점포
광명시,크로앙스,20040903,,1,정상영업,,02-2067-8000,7765.32,423013,경기도 광명시 오리로 970 (광명동),경기도 광명시 광명동 150번지 19호,14220,37.4793760,126.8555688,그 밖의 대규모점포,187160.878836654    ,441928.35248108     ,대규모점포
광명시,롯데몰 광명점,2014-11-26,,1,정상영업,,02-771-2500,39420.7,423-090,경기도 광명시 일직로 17 (일직동),경기도 광명시 일직동 500번지,423-090,37.4242749767,126.8827963758,쇼핑센터,189614.445095321    ,435789.264012576    ,대규모점포
광명시,뉴코아 아울렛 광명점,2006-01-11,,1,정상영업,,02-3397-2500,13047.87,423-848,경기도 광명시 하안로287번길 8 (하안동),경기도 광명시 하안동 38호,14305,37.4611586121,126.8793385524,복합쇼핑몰,189263.01222247     ,439900.832910796    ,대규모점포
광명시,광명시장,19701221,,1,정상영업,,0226140006,0,,경기도 광명시 오리로 974,경기도 광명시 광명동 150번지 17  호,14220,37.4794836811,126.8551503054,그 밖의 대규모점포,187121.814096632    ,441941.71901327     ,준대규모점포
광명시,GS THE FRESH 광명철산점,2022-05-11,,1,정상영업,,,234.98,14233,"경기도 광명시 시청로 50, 상가 B동 1층 101~103호 (철산동)",경기도 광명시 철산동 233,14233,37.4786574750,126.8680986490,구분없음,188145.916679287    ,441940.56958837     ,준대규모점포
광명시,에이케이플라자(주) 광명점,2021-03-05,,1,정상영업,,070-4770-0796,28985.96,14345,경기도 광명시 양지로 17(일직동),경기도 광명시 일직동 512-3,14345,37.4186779767,126.8828875175,쇼핑센터,189541.850018502    ,435187.738812827    ,대규모점포
광명시,GS THE FRESH 광명트리우스점,2025-05-19,,1,정상영업,,02-2060-6285,174.48,14206,"경기도 광명시 광이로 96, 상기2동 101,102,103호 (광명동, 트리우스 광명)",경기도 광명시 광명동 12-2 트리우스 광명,14206,37.4851265742,126.8609068855,구분없음,187542.398118807    ,442685.966005291    ,준대규모점포
광명시,GS THE FRESH 광명점,2014-09-11,,1,정상영업,,02-2685-4589,273.9,14280,"경기도 광명시 도덕로 33, 유.자.인.주상복합아파트 1층 (광명동)",경기도 광명시 광명동 739-8 유.자.인.주상복합아파트,14280,37.4685627561,126.8515487368,구분없음,186812.038869952    ,440726.972343729    ,준대규모점포
광명시,코스트코 홀세일 광명점,20111017,,1,정상영업,,02-2083-3723,13736.11,423052,"경기도 광명시 일직로 40 (일직동, costco 광명점)",경기도 광명시 일직동 163번지 3호,423090,37.4206292,126.8864001,대형마트,189879.016911221    ,435405.506505777    ,대규모점포
광명시,철산중앙시장,20050310,,1,정상영업,,02  26878624,0,,,경기도 광명시 철산동 440호,14239,37.4747894,126.8703195,그 밖의 대규모점포,188462.902581502    ,441418.706981087    ,
광명시,세이브존 광명점,2002-10-23,,1,정상영업,,02-6332-9000,9403,14243,"경기도 광명시 철망산로 87 (철산동, 세이브존)",경기도 광명시 철산동 367번지,14243,37.4703331155,126.8773741251,쇼핑센터,189007.530744206    ,441119.378939224    ,대규모점포
광명시,철산중앙시장,2007-07-06,,1,정상영업,,02-2060-5966,3779.85,14239,"경기도 광명시 철산로30번길 19, 중앙시장 (철산동)",경기도 광명시 철산동 440 중앙시장,14239,37.4747579612,126.8704160020,그 밖의 대규모점포,188464.627805727    ,441403.83267633     ,대규모점포
광명시,홈플러스 익스프레스 광명점,2014-09-11,,1,정상영업,,02-2060-8545,196.36,423-819,경기도 광명시 도덕로 28 (광명동),경기도 광명시 광명동 738번지,14282,37.4681094300,126.8510663876,구분없음,186757.059003378    ,440665.313322961    ,준대규모점포
광주시,(주) 이마트 경기광주점,2009-09-11,,1,정상영업,,80261052,6673.32,464-010,경기도 광주시 광주대로 30 (경안동),경기도 광주시 경안동 20번지 46호,464-801,37.4095555385,127.2612452109,대형마트,223061.389182349    ,434193.70905707     ,대규모점포
광주시,광주터미널이프라자,20090923,,1,정상영업,,031-799-7991,3977.2,464010,경기도 광주시 광주대로 30 (경안동),경기도 광주시 경안동 25번지 3호,464801,37.4095555385,127.2612452109,그 밖의 대규모점포,223061.389182349    ,434193.70905707     ,대규모점포
광주시,광주 금호 리첸시아 센트럴 스퀘어,2021-11-03,,1,정상영업,,031-767-8324,11697.53,12760,경기도 광주시 경안로41번길 6(경안동),경기도 광주시 경안동 447,12760,37.4078688876,127.2563013419,그 밖의 대규모점포,222618.188936667    ,434045.266636268    ,대규모점포
광주시,(주)모다이노칩 곤지암점,2012-09-21,,1,정상영업,,762-1207,3227,464-861,경기도 광주시 초월읍 경충대로 907,경기도 광주시 초월읍 산이리 77번지 6호,464-861,37.3632989618,127.3125826104,전문점,227621.408059678    ,429073.295091928    ,대규모점포
구리시,(주)지에스리테일 GS스퀘어 구리점,19980307,,1,정상영업,,031-550-7114,24555,,경기도 구리시 경춘로 261 (인창동),경기도 구리시 인창동 677호,11922,37.6027017,127.1439490,백화점,212647.021160325    ,455616.655198478    ,
구리시,익스프레스 구리 인창점,2012-05-22,,1,정상영업,,0315658545,382.58,471-838,경기도 구리시 건원대로76번길 42 (인창동),경기도 구리시 인창동 666번지 2호,471-838,37.6075350637,127.1417084550,복합쇼핑몰,212442.947355824    ,456144.78128741     ,준대규모점포
구리시,롯데 아울렛 구리점,2013-12-31,,1,정상영업,,025578828,19936.36,11915,"경기도 구리시 동구릉로136번길 47, 구리 복합몰(롯데아울렛 구리점) (인창동)",경기도 구리시 인창동 419번지 7호 구리 복합몰(롯데아울렛 구리점),11915,37.6118669916,127.1405433074,쇼핑센터,212338.516597728    ,456623.179059563    ,대규모점포
구리시,시민마트,2021-04-06,,1,정상영업,,031-513-6001,18408.86,11915,"경기도 구리시 동구릉로136번길 57, 구리유통종합상가 할인점동 (인창동)",경기도 구리시 인창동 430 구리유통종합상가,11915,37.6131390076,127.1409110928,구분없음,212367.118425352    ,456712.576784184    ,대규모점포
구리시,시민마트,2023-12-04,,1,정상영업,,031-513-6001,18408.86,11915,"경기도 구리시 동구릉로136번길 57, 구리유통종합상가 A동 (인창동)",경기도 구리시 인창동 430 구리유통종합상가,11915,37.6131390076,127.1409110928,대형마트,212367.118425352    ,456712.576784184    ,대규모점포
구리시,롯데쇼핑(주)구리점,2012-08-14,,1,정상영업,,0315508083,30700.27,,경기도 구리시 경춘로 261 (인창동),경기도 구리시 동구동 677번지,471-040,37.6026921337,127.1437935543,백화점,212647.021160325    ,455616.655198478    ,대규모점포
구리시,남양종합시장,19880304,,1,정상영업,,031 5551486,,,,경기도 구리시 수택동 481호   ,11932,37.5963137,127.1439822,그 밖의 대규모점포,212651.42049975     ,454905.535652546    ,
구리시,구리농수산물소매시장,19990330,,1,정상영업,,031 5605121,,,경기도 구리시 동구릉로136번길 57 (인창동),경기도 구리시 인창동 430호   ,11915,37.6126971,127.1408759,그 밖의 대규모점포,212369.786160091    ,456717.132615198    ,
구리시,롯데쇼핑(주) 구리점,20100507,,1,정상영업,,550-7114,30010.78,471712,경기도 구리시 경춘로 261 (인창동),경기도 구리시 인창동 677번지  롯데스퀘어(주)구리점,471010,37.6027017,127.1439490,백화점,212647.021160325    ,455616.655198478    ,대규모점포
구리시,롯데슈퍼 교문점,2012-05-22,,1,정상영업,,031-569-5602,592.2,471-706,경기도 구리시 장자대로37번길 55 (교문동),경기도 구리시 교문동 808번지 덕현아파트,11938,37.5896916801,127.1339670576,그 밖의 대규모점포,211732.000146084    ,454218.547394414    ,준대규모점포
구리시,모다아울렛,20170926,,1,정상영업,,0315149000,21346.37,11901,"경기도 구리시 경춘북로 230 (갈매동, 구리갈매지구판매시설)",경기도 구리시 갈매동 599번지,11901,37.6333495550,127.1159252503,전문점,210176.71228254     ,458999.955062539    ,대규모점포
군포시,뉴코아아울렛 산본점,2005-10-28,,1,정상영업,,031-390-5000,11180,435-045,경기도 군포시 번영로 504 (산본동),경기도 군포시 산본동 1231번지,435-045,37.3581051820,126.9331702202,그 밖의 대규모점포,193729.872096481    ,428221.430499605    ,대규모점포
군포시,GS THE FRESH 산본프라자점,2022-10-05,,1,정상영업,,031-393-4479,347.54,15818,"경기도 군포시 산본로 394, 대림프라자 1층 111호 (산본동)",경기도 군포시 산본동 1099-2 대림프라자 111호,15818,37.3651283898,126.9297294748,구분없음,193696.742392293    ,429245.936418065    ,준대규모점포
군포시,군포송정 풍산리치안 플랫몰,20210409,,1,정상영업,,031-8003-6400,4763.86,15885,경기도 군포시 송부로96번길 12 (도마교동),경기도 군포시 도마교동 478,15885,37.3157306621,126.9237038972,그 밖의 대규모점포,,,대규모점포
군포시,힐스테이트 금정역 상업시설,20200605,,1,정상영업,,031-5175-1206,25366.05,15809,"경기도 군포시 엘에스로 143(금정동, 힐스테이트 금정역)",경기도 군포시 금정동 916 힐스테이트 금정역,15809,37.3728439924,126.9448505005,구분없음,,,대규모점포
군포시,LOTTE FITIN 산본점,2016-02-11,,1,정상영업,,02-2299-2684,17003.14,15866,경기도 군포시 번영로 485 (산본동),경기도 군포시 산본동 1145-6번지,15866,37.3577955365,126.9306318579,쇼핑센터,193789.410732019    ,428419.578316283    ,대규모점포
군포시,디퍼의류타운,20061002,,1,정상영업,,031-391-4589,6867,435045,경기도 군포시 산본천로 99 (산본동),경기도 군포시 산본동 1096번지 2호,15818,37.3633074,126.9325674,그 밖의 대규모점포,193959.422006292    ,429040.455261927    ,대규모점포
군포시,홈플러스(주)익스프레스 군포수리산역점,2011-01-01,,1,정상영업,,031-398-8545,264,15870,"경기도 군포시 번영로 380-1, 한라1차아파트 상가 상가동 110호 (산본동)",경기도 군포시 산본동 1156번지 8호 한라1차아파트 상가,15870,37.3494827709,126.9264719143,구분없음,193415.086927879    ,427497.390218597    ,준대규모점포
군포시,(주)이마트에브리데이 당동점,2017-03-27,,1,정상영업,,031-451-5200,1498,435-011,경기도 군포시 군포로 502 (당동),경기도 군포시 군포1동 784번지 5호,435-815,37.3509871087,126.9451695615,구분없음,195068.379230476    ,427673.238824229    ,준대규모점포
군포시,트레이더스 홀세일 클럽 군포점,2017-08-08,,1,정상영업,,031-361-3456,11524,15874,경기도 군포시 삼성로 74 (부곡동),경기도 군포시 부곡동 1227번지 1호,15874,37.3401656582,126.9346146370,대형마트,194143.227537911    ,426457.360631877    ,대규모점포
군포시,홈플러스(주)익스프레스 군포부곡점,2010-01-01,,1,정상영업,,031-462-8545,265,15880,"경기도 군포시 번영로28번길 37-12, 거성프라자1 1층 (부곡동)",경기도 군포시 부곡동 1120번지 1호 거성프라자1,15880,37.3248532927,126.9445716752,구분없음,195013.499293229    ,424754.17773732     ,준대규모점포
군포시,(주)이마트 산본점,2011-05-17,,1,정상영업,,031-450-1053,12198,435-040,경기도 군포시 산본로 347 (산본동),경기도 군포시 산본동 1123번지,435-040,37.3610893514,126.9314200305,대형마트,193861.874466854    ,428787.505318045    ,대규모점포
군포시,롯데쇼핑(주)롯데슈퍼 산본2동점,2017-04-18,,1,정상영업,,031-393-5601,265.5,435-849,경기도 군포시 고산로677번길 40 (산본동),경기도 군포시 산본동 1066번지 2호,435-849,37.3728394887,126.9306311131,구분없음,193780.003004765    ,430085.434546529    ,준대규모점포
군포시,홈플러스(주)익스프레스 군포오금점,2012-01-01,,1,정상영업,,031-393-8545,291,15869,"경기도 군포시 번영로 405, 가야아파트 종합상가 지하1층 1호 (산본동)",경기도 군포시 산본동 1155번지 1호 가야아파트 종합상가,15869,37.3518466195,126.9250764212,구분없음,193281.319905552    ,427757.706149318    ,준대규모점포
군포시,홈플러스(주)익스프레스 산본점,2011-08-11,,1,정상영업,,02-3459-8000,397,435-849,경기도 군포시 고산로 691 (산본동),경기도 군포시 산본동 1060번지 2호,435-040,37.3717868808,126.9348065761,구분없음,194154.953449054    ,429969.442251446    ,준대규모점포
김포시,이마트 김포한강점,2014-05-12,,1,정상영업,,031-996-8434,12339.22,415-080,경기도 김포시 김포한강7로 71 (구래동),경기도 김포시 구래동 6880번지 9호,415-080,37.6443463969,126.6282980439,대형마트,167119.660833957    ,460295.332269763    ,대규모점포
김포시,현대프리미엄아울렛 김포점,2015-02-09,,1,정상영업,,070-7204-4920,38726.6,415-816,경기도 김포시 고촌읍 아라육로152번길  100,경기도 김포시 고촌읍 전호리 654번지,415-816,37.5972979801,126.7852858447,쇼핑센터,180999.482133785    ,455254.138222429    ,대규모점포
김포시,김포농협 농수축산물판매장,20190305,,1,정상영업,,031-984-2811,7183.43,10096,"경기도 김포시 홍도평로 20, 김포농협 농수축산물판매장 (걸포동)",경기도 김포시 걸포동 1440번지,10096,37.6315758,126.7127767,대형마트,174581.060077024    ,458852.437693855    ,대규모점포
김포시,트레이더스 홀세일클럽 김포점,2016-07-13,,1,정상영업,,031-8048-5652,15477.73,10113,경기도 김포시 김포대로 715(풍무동),경기도 김포시 풍무동 884 트레이더스 김포점,10113,37.6124589133,126.7308914973,대형마트,176161.639045124    ,456729.11026583     ,대규모점포
김포시,홈플러스(주) 김포풍무점,2007-02-20,,1,정상영업,,031 999 0000,14125.61,415-070,경기도 김포시 풍무로 167 (풍무동),경기도 김포시 풍무동 38번지 1호 외4필지,415-070,37.6099629669,126.7241192870,대형마트,175533.126928566    ,456437.773530883    ,대규모점포
김포시,(주)지에스리테일 GS수퍼 김포사우점,2012-02-06,,1,정상영업,,983-1691,1988.24,415-040,경기도 김포시 돌문로 43 (사우동),경기도 김포시 사우동 237번지 2호 외 2필지,415-040,37.6188535203,126.7178174040,구분없음,175023.331033541    ,457434.64458019     ,준대규모점포
김포시,GS THE FRESH 김포구래점,2024-07-02,,1,정상영업,,,236.66,10063,"경기도 김포시 김포한강4로420번길 88, 슈퍼스타타워 101호, 102호, 113호, 114호, 115호 (구래동)",경기도 김포시 구래동 6874-23,10063,37.6506554439,126.6331667826,구분없음,167542.995851124    ,460979.452892696    ,준대규모점포
김포시,롯데프레시 김포구래가맹점,20210520,,1,정상영업,,031)982-6766,188.52,10071,"경기도 김포시 김포한강10로133번길 142, B동 104호 (구래동)",경기도 김포시 구래동 6871-33,10071,37.6445245819,126.6195226475,구분없음,,,준대규모점포
김포시,홈플러스(주)익스프레스 북변점,2012-02-07,,1,정상영업,,031-989-8549,163,415-030,경기도 김포시 사우중로 77 (북변동),경기도 김포시 북변동 824번지,415-030,37.6216283365,126.7203492778,구분없음,175242.244211209    ,457735.002549407    ,준대규모점포
김포시,롯데쇼핑(주) 롯데마트 김포한강점,20140926,,1,정상영업,,02-2145-8487,11900.82,415060,경기도 김포시 김포한강2로 41 (장기동),경기도 김포시 장기동 2031번지,415060,37.6404124,126.6774947,대형마트,171471.604963288    ,459839.83969575     ,대규모점포
김포시,롯데쇼핑(주) 롯데마트 김포한강점,2017-12-21,,1,정상영업,,031-8049-2500,11900.82,415-060,경기도 김포시 김포한강2로 41-0 (장기동),경기도 김포시 장기동 2031번지 e편한세상캐널시티,10090,37.6405530739,126.6774205372,대형마트,171471.604963288    ,459839.83969575     ,대규모점포
김포시,(주)이마트에브리데이 걸포동점,20120628,,1,정상영업,,031-983-9854,312,415020,경기도 김포시 걸포2로 9 (걸포동),경기도 김포시 걸포동 1563번지 2호,415020,37.6321402110,126.7058462819,구분없음,173967.515912723    ,458904.997740507    ,준대규모점포
김포시,(주)지에스리테일 GS수퍼 김포감정점,2012-01-11,,1,정상영업,,996-5443,642,415-010,경기도  봉화로181번길 31-20,경기도 김포시 감정동 676번지,415-010,37.6264662247,126.6998211873,구분없음,173440.919786368    ,458231.526224764    ,준대규모점포
김포시,홈플러스 주식회사 김포점,2001-08-01,,1,정상영업,,031 999 8000,12971,415-010,경기도 김포시 중봉로 14 (감정동),경기도 김포시 감정동 692번지,415-010,37.6238441903,126.6986141136,대형마트,173328.23709684     ,457991.128265107    ,대규모점포
김포시,현대프리미엄아울렛 김포점 별관,2018-05-23,,1,정상영업,,031-8048-2621,11812.8,10135,경기도 김포시 고촌읍 아라육로152번길 97,경기도 김포시 고촌읍 전호리 668번지,10135,37.5979115560,126.7839092793,쇼핑센터,180850.069343035    ,455088.56165281     ,대규모점포
남양주시,(주)이마트 남양주점,2005-11-15,,1,정상영업,,031 590 1234,10925.67,472-120,경기도 남양주시 늘을2로 27 (호평동),경기도 남양주시 호평동 637번지,472-120,37.6550117034,127.2430819510,그 밖의 대규모점포,221378.987723763    ,461433.576798678    ,대규모점포
남양주시,롯데쇼핑(주)롯데마트 마석점,2010-11-12,,1,정상영업,,031-748-2500,8090.9,472-846,경기도 남양주시 화도읍 경춘로 1992,경기도 남양주시 화도읍 마석우리 255번지 24호,472-845,37.6501439044,127.3093021446,대형마트,227234.544976879    ,460930.696005881    ,대규모점포
남양주시,한성몰 남양주점,20210617,,1,정상영업,,02-2211-1311,9057.85,12171,경기도 남양주시 화도읍 경춘로 1725,경기도 남양주시 화도읍 묵현리 368-2,12171,37.6565494565,127.2815890317,전문점,224788.908585668    ,461612.798454074    ,대규모점포
남양주시,현대프리미엄아울렛 SPACE1,2020-02-21,,1,정상영업,,02-3416-5861,53672.64,12248,"경기도 남양주시 다산순환로 50, 다산진건 자족시설용지 1BL 판매시설 (다산동)",경기도 남양주시 다산동 6141번지 다산진건 자족시설용지 1BL 판매시설,12248,37.6161029057,127.1524431285,쇼핑센터,213414.26557821     ,457095.530042213    ,대규모점포
남양주시,주식회사 이마트 진접점,2010-06-01,,1,정상영업,,031-522-1234,10148.33,12073,"경기도 남양주시 진접읍 금강로유연들1길 154, 진접이마트",경기도 남양주시 진접읍 연평리 101번지 14호 진접이마트,12073,37.7087987497,127.1819957899,복합쇼핑몰,215971.923346848    ,467391.99875644     ,대규모점포
남양주시,(주)이마트 다산점,2008-03-28,,1,정상영업,,031-579-1052,10760,12256,"경기도 남양주시 도농로 24 (다산동, 부영애시앙)",경기도 남양주시 다산동 4001번지 29호,,,,복합쇼핑몰,213941.170509698    ,456267.182532575    ,대규모점포
남양주시,이마트 별내점,2012-07-30,,1,정상영업,,031-550-1252,9833.49,12113,"경기도 남양주시 순화궁로 167, 이마트 (별내동)",경기도 남양주시 별내동 989번지 이마트,12113,37.6428458126,127.1259418895,대형마트,211047.543226491    ,460054.746656557    ,대규모점포
남양주시,홈플러스(주)남양주진접점,2009-11-26,,1,정상영업,,031 570 8000,9041,,경기도 남양주시 진접읍 금강로 1447,경기도 남양주시 진접읍 장현리 216번지 1호,472-865,37.7217504701,127.1886011674,그 밖의 대규모점포,216587.285919176    ,468805.572134094    ,대규모점포
남양주시,롯데쇼핑(주)롯데마트덕소점,2005-03-24,,1,정상영업,,031 579 7700,0,472-901,경기도 남양주시 와부읍 월문천로 33,경기도 남양주시 와부읍 덕소리 501-3호,12211,37.5846939717,127.2140227766,복합쇼핑몰,218882.001813215    ,453620.325834171    ,대규모점포
동두천시,홈플러스(주)익스프레스동두천지행점,2012-04-30,,1,정상영업,,0318668545,199.9,483-020,경기도 동두천시 지행로 50 (지행동),"경기도 동두천시 지행동 718번지 2호 성지에스엔비타워 103,104호",483-020,37.8920935484,127.0526012919,구분없음,204557.102323171    ,487718.114551363    ,준대규모점포
동두천시,동두천농협하나로마트,2010-12-20,,1,정상영업,,031-861-3300,3713.88,,경기도 동두천시 중앙로 207 (생연동),경기도 동두천시 생연동 698번지 11호,483-030,37.8999697271,127.0522920075,대형마트,204525.719674795    ,488583.056118126    ,대규모점포
동두천시,롯데쇼핑(주) 롯데마트 동두천점,2009-10-15,,1,정상영업,,0318302521,8798.06,483-010,경기도 동두천시 평화로2169번길 21 (송내동),경기도 동두천시 송내동 551번지,483-010,37.8808927551,127.0532262574,대형마트,204589.217640042    ,486451.318446758    ,대규모점포
부천시,(주)세이브존아이앤씨부천상동점,2010-12-10,,1,정상영업,,623-9000,7769.7,420-747,경기도 부천시 원미구 길주로 105 (상동),"경기도 부천시 원미구 상3동 535번지 5, 6, 7호",420-747,37.5064035555,126.7541454230,그 밖의 대규모점포,178164.089422238    ,444938.813535045    ,대규모점포
부천시,그레이스쇼핑,1990-06-15,,1,정상영업,,032 6678811,16,422-712,"경기도 부천시 소사구 경인로 231 (심곡본동, 아이쇼핑)",경기도 부천시 소사구심곡본동 호 545,14709,37.4834969118,126.7812249384,쇼핑센터,,,대규모점포
부천시,홈플러스(주)익스프레스중동3점,2011-10-17,,1,정상영업,,,369.9,,경기도 부천시 원미구 중동로 143 (중동),경기도 부천시 원미구 중동 771번지,420-844,37.4927267022,126.7665551300,구분없음,179285.803731872    ,443417.055705567    ,준대규모점포
부천시,로얄쇼핑,2009-12-29,,1,정상영업,,02-3147-2981,4423,,경기도 부천시 원미구 부천로 7 (심곡동),경기도 부천시 원미구 심곡2동 174번지 1호,420-823,37.4850706031,126.7821034308,쇼핑센터,180657.771489919    ,442562.696376175    ,대규모점포
부천시,(주)현대백화점 중동점,2003-08-07,,1,정상영업,,032-623-3013,51416.9,,경기도 부천시 원미구 길주로 180 (중동),경기도 부천시 원미구중동 1164호,14546,37.5043171668,126.7620745903,백화점,178901.991280584    ,444701.557193       ,대규모점포
부천시,(주)이마트중동점,2010-04-14,,1,정상영업,,032-718-1053,12833.18,,경기도 부천시 원미구 석천로 188 (중동),경기도 부천시 원미구 중1동 1157번지,420-021,37.5040675095,126.7639551478,복합쇼핑몰,179059.890468202    ,444675.160533494    ,대규모점포
부천시,홈플러스(주)익스프레스도당점,2012-04-10,,1,정상영업,,032-676-8545,618.2,,경기도 부천시 원미구 삼작로 294 (도당동),경기도 부천시 원미구 도당동 131번지 1호,420-804,37.5199269664,126.7942740756,구분없음,181736.191478895    ,446426.72538445     ,준대규모점포
부천시,홈플러스 주식회사 부천여월점,2008-10-10,,1,정상영업,,680-8000,16035.41,,경기도 부천시 오정구 소사로 663 (여월동),경기도 부천시 오정구 여월동 301번지,421-220,37.5158292022,126.8024259921,대형마트,182455.521209906    ,445978.59662723     ,대규모점포
부천시,고강제일시장,1990-07-13,,1,정상영업,,032 6783078,1800.4,,경기도 부천시 오정구  고강로92번길  41 (고강동),경기도 부천시 오정구 고강동 318번지 318,14416,37.5282336617,126.8150766697,그 밖의 대규모점포,183533.515420499    ,447374.974841422    ,대규모점포
부천시,홈플러스(주)익스프레스부천중동4점,2012-04-10,,1,정상영업,,032-3222-8562,218.01,,경기도 부천시 원미구 길주로 219 (중동),경기도 부천시 원미구 중4동 1034번지 4호,420-848,37.5047701515,126.7667880544,구분없음,179310.387407428    ,444754.845185643    ,준대규모점포
부천시,홈플러스(주)익스프레스 부천역곡점,2012-03-12,,1,정상영업,,032-8744-6597,491.4,,경기도 부천시 원미구 지봉로 53 (역곡동),경기도 부천시 원미구 역곡동 33번지 5호,420-101,37.4866064377,126.8053107143,복합쇼핑몰,182713.24757763     ,442732.134102228    ,준대규모점포
부천시,롯데쇼핑(주)  중동점,1996-10-28,,1,정상영업,,3207114,43832.05,,경기도 부천시 원미구 길주로 300 (중동),경기도 부천시 원미구중동 1140호,14548,37.5025517408,126.7753741701,백화점,180053.344972882    ,444507.865626959    ,대규모점포
부천시,홈플러스(주) 부천소사점,2005-02-28,,1,정상영업,,032 650 8124,17585.32,14676,"경기도 부천시 소사구 경인로 532, HOME PLUS 소사점 (괴안동)",경기도 부천시 소사구 괴안동 129-1 HOME PLUS 소사점,14676,37.4848563612,126.8143191556,대형마트,183505.044366024    ,442533.953044508    ,대규모점포
부천시,광성상가,1994-02-19,,1,정상영업,,032 6845767,3893.2,420-858,경기도 부천시 원미구 옥산로138번길 30 (춘의동),경기도 부천시 원미구춘의동 127번지 5   호,14527,37.5055031307,126.7819304398,그 밖의 대규모점포,,,대규모점포
부천시,홈플러스(주)익스프레스중동점,2012-04-10,,1,정상영업,,032-666-8542,318.1,420-851,"경기도 부천시 원미구 신흥로 170, 1층 (중동, 위브더스테이트아파트)",경기도 부천시 원미구 중2동 1110번지 위브더스테이트아파트 1층,420-776,37.4989525137,126.7778525813,구분없음,180285.454116153    ,444119.216095977    ,준대규모점포
부천시,(주)지에스리테일부천약대점,2011-10-06,,1,정상영업,,032-710-2500,447.05,,경기도 부천시 원미구 수도로 48 (약대동),경기도 부천시 원미구 약대동 122번지,420-140,37.5136421341,126.7716007931,구분없음,179738.276762878    ,445738.07019903     ,준대규모점포
부천시,홈플러스(주)익스프레스부천상동점,2012-04-10,,1,정상영업,,032-327-8536,218.7,420-814,경기도 부천시 원미구 상일로 100 (상동),경기도 부천시 원미구 상1동 401번지 1호,420-814,37.4913000839,126.7532096933,구분없음,178104.816341839    ,443262.007187175    ,준대규모점포
부천시,투나,2007-04-17,,1,정상영업,,032-250-5000,45275.97,,"경기도 부천시 원미구 부일로 223 (상동,투나)",경기도 부천시 원미구상동 461번지 투나,420-713,37.4888795916,126.7552924952,쇼핑센터,178293.171843054    ,442988.573692305    ,대규모점포
부천시,롯데슈퍼 소사점,2012-04-02,,1,정상영업,,032-344-7000,874.5,422-810,경기도 부천시 소사구 은성로 82 (소사본동),"경기도 부천시 소사구 소사본3동 197번지 2,4,5호",422-810,37.4750085379,126.7996276186,구분없음,182167.856024103    ,441454.978882441    ,준대규모점포
부천시,스타필드시티 부천점,2019-05-02,,1,정상영업,,02-380-9843,47606.26,,경기도 부천시 소사구 옥길로 1,경기도 부천시 소사구 옥길동 768번지,14789,37.4614460303,126.8139450028,복합쇼핑몰,183469.36769705     ,439944.223220165    ,대규모점포
부천시,뉴코아부천점,2009-09-23,,1,정상영업,,624-8119,25023.5,14545,"경기도 부천시 원미구 송내대로 239, 소풍(부천터미널) (상동)",경기도 부천시 원미구 상동 539-1 소풍(부천터미널),14545,37.5041752477,126.7566905848,쇼핑센터,178411.442079953    ,444684.405331659    ,대규모점포
부천시,부천터미널 소풍,2007-10-18,,1,정상영업,,032-624-6100,67922.98,,경기도 부천시 원미구 송내대로 239 (상동),경기도 부천시 원미구상동 539번지 1호,14545,37.5041752477,126.7566905848,쇼핑센터,178411.442079953    ,444684.405331659    ,
부천시,롯데슈퍼 중동점,2012-04-02,,1,정상영업,,032-621-7400,479.3,420-776,경기도 부천시 원미구 신흥로 190-1 (중동),경기도 부천시 원미구 중2동 1107번지 위브더스테이트아파트,420-777,37.5014224074,126.7778853607,구분없음,180295.412235987    ,444337.383690366    ,준대규모점포
부천시,홈플러스(주)익스프레스부천중동2점,2012-04-10,,1,정상영업,,,219.24,420-852,경기도 부천시 원미구 중동로248번길 52 (중동),경기도 부천시 원미구 중1동 1145번지 2호,420-021,37.5011857135,126.7716313138,복합쇼핑몰,179736.598525824    ,444356.066748781    ,준대규모점포
부천시,홈플러스(주)익스프레스오정점,2011-10-17,,1,정상영업,,0326718517,298.8,,경기도 부천시 오정구 오정로 246 (오정동),경기도 부천시 오정구 오정동 543번지 1호,421-815,37.5293337946,126.7862404361,구분없음,181035.428057858    ,447474.658169397    ,준대규모점포
부천시,GS THE FRESH 부천범박점,2023-09-22,,1,정상영업,,000-000-0000,288.32,14783,"경기도 부천시 소사구 양지로 88, 보광빌딩 1층 (범박동)",경기도 부천시 소사구 범박동 210-1 보광빌딩,14783,37.4730932241,126.8126850143,구분없음,183358.662578028    ,441230.476103089    ,준대규모점포
부천시,부천역사쇼핑몰,2007-07-09,,1,정상영업,,032 6564111,24748.62,,경기도 부천시 소사구 부천로 1 (심곡본동),경기도 부천시 소사구심곡본동 316번지 2호,14637,37.4840373391,126.7826449277,쇼핑센터,180724.703317877    ,442449.069631369    ,대규모점포
부천시,(주)현대백화점 중동점,2003-09-02,,1,정상영업,,032-623-3013,28884.18,,경기도 부천시 원미구 길주로 180 (중동),경기도 부천시 원미구중동 1164번지,14546,37.5043171668,126.7620745903,백화점,178901.991280584    ,444701.557193       ,대규모점포
성남시,지에스 더 프레시 이매역점,2023-11-08,,1,정상영업,,02-2006-2678,264,13567,"경기도 성남시 분당구 이매로 45, 이수프라자 (이매동)",경기도 성남시 분당구 이매동 115-2 이수프라자,13567,37.3949809993,127.1258892261,그 밖의 대규모점포,211075.414504468    ,432554.577507596    ,준대규모점포
성남시,NC백화점 야탑점,1995-09-04,,1,정상영업,,031-780-3502,25663.32,13497,"경기도 성남시 분당구 야탑로81번길 11 (야탑동, NC백화점)",경기도 성남시 분당구 야탑동 산 357번지 1호,13497,37.4109403922,127.1274822762,백화점,211200.046775342    ,434263.681539619    ,대규모점포
성남시,신흥시장,19770707,,1,정상영업,,0342 7425564,,,경기도 성남시 수정구 수정로214번길 6 (신흥동),경기도 성남시수정구 신흥동 3436번지 10  호   ,13346,37.4438851,127.1433452,그 밖의 대규모점포,,,
성남시,홈플러스(주) 분당오리점,2009-03-12,,1,정상영업,,031-884-2080,8854,13636,경기도 성남시 분당구 탄천상로151번길 20 (구미동),경기도 성남시 분당구 구미동 159호,13636,37.3403224727,127.1068217377,대형마트,209409.160207927    ,426451.358939753    ,대규모점포
성남시,롯데마트 판교점,2013-01-15,,1,정상영업,,02-2145-8000,6214.88,,경기도 성남시 분당구 대왕판교로606번길 58 (삼평동),경기도 성남시 분당구 삼평동 741번지,463-400,37.3954464194,127.1136515168,대형마트,209993.600292929    ,432609.081811328    ,대규모점포
성남시,킴스클럽성남점,19950904,,1,정상영업,,0342 7803501,,,경기도 성남시 분당구 야탑로81번길 11 (야탑동),경기도 성남시분당구 야탑동 357번지 1   호   ,13497,37.4103317,127.1272432,백화점,,,
성남시,금광시장,19910205,,1,정상영업,,0342 7311520,,,경기도 성남시 중원구 산성대로426번길 5 (금광동),경기도 성남시중원구 금광동 4622호   ,13170,37.4501352,127.1598681,그 밖의 대규모점포,214080.168412906    ,438684.633822257    ,
성남시,(주)이마트 성남점,2010-08-31,,1,정상영업,,031-8023-1200,14172.39,,경기도 성남시 수정구 수정로 201 (태평동),경기도 성남시 수정구 태평4동 7336번지,461-826,37.4442981490,127.1413917241,쇼핑센터,212442.882832125    ,438023.009514472    ,대규모점포
성남시,제일시장,19710116,,1,정상영업,,03427580 809,,,,경기도 성남시수정구 수진동 6042호   ,,,,그 밖의 대규모점포,,,
성남시,롯데쇼핑(주)롯데슈퍼수진점(Mareket999),20110923,,1,정상영업,,031-752-5601,96.9,,,경기도 성남시 수정구 수진2동 4518번지,461182,37.4341879,127.1295199,구분없음,211397.775721844    ,436910.314909932    ,준대규모점포
성남시,롯데백화점 분당점,19990326,,1,정상영업,,031-738-2500,22347.85,13595,"경기도 성남시 분당구 황새울로200번길 45 (수내동, 롯데백화점)",경기도 성남시 분당구 수내동 14번지,13595,37.3784486591,127.1143373691,백화점,210053.033510874    ,430715.591035213    ,대규모점포
성남시,코코프라자 시장,19941202,,1,정상영업,,031-707-7315,3995.75,,경기도 성남시 분당구 서현로210번길 20 (서현동),경기도 성남시 분당구 서현동 248번지 5호,463050,37.3858636,127.1240750,시장,210921.448431351    ,431547.599479153    ,
성남시,미래타운 제1종합시장,19941202,,1,정상영업,,031-701-7007,4237.13,,경기도 성남시 분당구 불정로386번길 10 (서현동),경기도 성남시 분당구 서현동 307번지,463050,37.3731173,127.1379296,시장,212152.341107485    ,430133.858908997    ,
성남시,코끼리상가,19961220,,1,정상영업,,031 7140212,4128.21,,경기도 성남시 분당구 내정로166번길 7-6 (수내동),경기도 성남시분당구 수내동 56호,13599,37.3727573,127.1206558,시장,210620.844064672    ,430091.101912817    ,
성남시,동신종합시장,19930714,,1,정상영업,,031-711-8628,5931.95,,경기도 성남시 분당구 돌마로 361 (수내동),경기도 성남시 분당구 수내동 63번지 2호,463020,37.3705296,127.1228763,시장,210818.818495558    ,429844.390589942    ,
성남시,롯데프레시 분당이매점,2010-08-24,,1,정상영업,,031-707-5602,300.2,,경기도 성남시 분당구 양현로94번길 15 (이매동),경기도 성남시 분당구 이매동 120번지 4호,463-060,37.3914204339,127.1258504357,구분없음,211079.124182939    ,432158.013981543    ,준대규모점포
성남시,홈플러스(주) 익스프레스 분당동판교점,2012-04-27,,1,정상영업,,031-8016-8543,482.5,,"경기도 성남시 분당구 동판교로 59, B101호 (백현동)",경기도 성남시 분당구 백현동 551번지   B101호,463-420,37.3883301118,127.1150549280,구분없음,210115.085178947    ,431815.870958616    ,준대규모점포
성남시,니즈,20051201,,1,정상영업,,031  7291000,11615.33,,경기도 성남시 중원구 성남대로 1136 (성남동),경기도 성남시중원구 성남동 3499호,13365,37.4313045,127.1297071,그 밖의 대규모점포,211415.246751948    ,436591.639138549    ,
성남시,롯데쇼핑(주)롯데슈퍼분당서현점,2011-09-23,,1,정상영업,,781-5601,915.7,,"경기도 성남시 분당구 중앙공원로40번길 42, 49동 지층2호호 (서현동,우성종합상가)",경기도 성남시 분당구 서현동 94번지 3호 우성종합상가  49동 지층2호호,463-050,37.3781816137,127.1323770093,구분없음,211634.947468641    ,430700.43371996     ,준대규모점포
성남시,성남중앙지하시장,19950906,,1,정상영업,,0342 7216111,,,,경기도 성남시수정구 신흥동 2467호 외 10필지  ,,,,그 밖의 대규모점포,213244.090085184    ,437927.010144634    ,
성남시,AK PLAZA 분당점,1997-10-06,,1,정상영업,,031-779-3500,36532.47,13591,"경기도 성남시 분당구 황새울로360번길 42 (서현동, AK플라자)",경기도 성남시 분당구 서현동 263번지,13591,37.3851007981,127.1227076252,복합쇼핑몰,210853.833466798    ,431447.85813153     ,대규모점포
성남시,세이브존 성남점,2005-09-20,,1,정상영업,,031-737-8603,13715.2,,경기도 성남시 수정구 산성대로 337 (신흥동),경기도 성남시수정구 신흥동 2463번지 5호,13272,37.4439105927,127.1534899028,복합쇼핑몰,213499.485770645    ,437994.885930918    ,대규모점포
성남시,현대시장,19741211,,1,정상영업,,0342 7532828,,,경기도 성남시 수정구 수정북로 18 (태평동),경기도 성남시수정구 태평동 3683호   ,13305,37.4416366,127.1319054,그 밖의 대규모점포,211608.748314134    ,437736.403897525    ,
성남시,야탑에이스코아시장,19970829,,1,정상영업,,0342 7028170,,,경기도 성남시 분당구 야탑로 64 (야탑동),경기도 성남시분당구 야탑동 502호   ,13520,37.4093872,127.1257394,그 밖의 대규모점포,211065.544875713    ,434158.249686234    ,
성남시,분당종합시장,19961019,,1,정상영업,,031-716-9814,4017.97,,,경기도 성남시 분당구 수내동,463020,,,시장,,,
성남시,홈플러스(주) 익스프레스 서현점,2013-06-14,,1,정상영업,,031-781-8547,260,,경기도 성남시 분당구 불정로 382 (서현동),경기도 성남시 분당구 서현동 306번지 1호,463-050,37.3741672907,127.1371854696,구분없음,212079.053383154    ,430243.356013186    ,준대규모점포
성남시,현대시장,19920703,,1,정상영업,,0342 7011240,,,경기도 성남시 분당구 중앙공원로40번길 8 (서현동),경기도 성남시분당구 서현동 94호   ,13589,37.3796402,127.1301507,그 밖의 대규모점포,211462.754186616    ,430856.274957711    ,
성남시,뉴코아백화점,20020927,,1,정상영업,,0317803000,25571.68,,경기도 성남시 분당구 야탑로81번길 11 (야탑동),경기도 성남시분당구 야탑동 357-1호,13497,37.4103317,127.1272432,백화점,,,대규모점포
성남시,파미어스몰,2021-04-08,,1,정상영업,,02-6959-7817,19968.31,13449,경기도 성남시 수정구 창업로 17 (시흥동),경기도 성남시 수정구 시흥동 288-2,13449,37.4121143570,127.0978812694,쇼핑센터,208613.865984257    ,434443.112052722    ,대규모점포
성남시,돌고래시장,19961220,,1,정상영업,,031 7120298,1645.47,,경기도 성남시 분당구 내정로174번길 42 (수내동),경기도 성남시분당구 수내동 53호,13599,37.3711972,127.1220758,시장,210747.430620824    ,429920.004320082    ,
성남시,모란시장,1974-10-18,,1,정상영업,,031-751-4214,2077.05,,경기도 성남시 중원구 둔촌대로69번길 8 (성남동),경기도 성남시중원구 성남동 4214호,13377,37.4306354573,127.1274977308,그 밖의 대규모점포,211208.238564181    ,436507.499228018    ,대규모점포
성남시,미래타운제2종합시장,19941202,,1,정상영업,,0342 7048151,,,경기도 성남시 분당구 불정로376번길 31 (서현동),경기도 성남시분당구 서현동 311호   ,13587,37.3722872,127.1389103,그 밖의 대규모점포,212239.32415708     ,430042.370736928    ,
성남시,신흥시장,19770707,,1,정상영업,,031-742-5564,2287.6,,경기도 성남시 수정구 수정로214번길 6 (신흥동),경기도 성남시 수정구 신흥3동 3436번지 10호,461812,37.4438851,127.1433452,시장,212618.962432666    ,437990.117763006    ,
성남시,"테마폴리스 지상1,2층",20050527,,1,정상영업,,031-702-5574,7440.61,,"경기도 성남시 분당구 성남대로925번길 16 (야탑동,테마폴리스 지상1,2층)","경기도 성남시분당구 야탑동 341번지 테마폴리스 지상1,2층",463828,37.4130257,127.1272138,그 밖의 대규모점포,211202.148849893    ,434560.911834998    ,대규모점포
성남시,테마폴리스 지하2층점,20050725,,1,정상영업,,031-725-0713,6288.98,,경기도 성남시 분당구 성남대로925번길 16 (야탑동),경기도 성남시분당구 야탑동 341호,13497,37.4130257,127.1272138,그 밖의 대규모점포,211202.148849893    ,434560.911834998    ,대규모점포
성남시,홈플러스(주) 익스프레스 성남금광점,2012-07-18,,1,정상영업,,031-733-8545,280.3,,경기도 성남시 중원구 금상로 61 (금광동),경기도 성남시 중원구 금광1동 146번지,462-241,37.4407731816,127.1626158069,복합쇼핑몰,214321.305489706    ,437636.832477148    ,준대규모점포
성남시,야탑에이스코아시장,19970829,,1,정상영업,,031-702-8170,10030,,경기도 성남시 분당구 야탑로 64 (야탑동),경기도 성남시분당구 야탑동 502호,13520,37.4093872,127.1257394,시장,211065.544875713    ,434158.249686234    ,
성남시,홈플러스(주) 야탑점,2000-04-01,,1,정상영업,,031-705-2080,10370,,경기도 성남시 분당구 성남대로925번길 16 (야탑동),경기도 성남시분당구 야탑동 341호,13497,37.4130939326,127.1272456048,대형마트,211202.148849893    ,434560.911834998    ,대규모점포
성남시,이천일아울렛 분당점,2002-04-20,,1,정상영업,,031-786-2001,20698.77,13630,"경기도 성남시 분당구 미금일로154번길 20, 2001아울렛 (구미동)",경기도 성남시 분당구 구미동 11번지 4호 2001아울렛,13630,37.3490770543,127.1074648235,복합쇼핑몰,209436.079182931    ,427437.237499513    ,대규모점포
성남시,분당 현대시장,19920703,,1,정상영업,,031-701-1240,4627.98,,경기도 성남시 분당구 중앙공원로40번길 8 (서현동),경기도 성남시 분당구 서현동 94번지,463050,37.3796402,127.1301507,시장,211462.754186616    ,430856.274957711    ,
성남시,동신종합시장,19930714,,1,정상영업,,0342 7118628,,,경기도 성남시 분당구 돌마로 361 (수내동),경기도 성남시분당구 수내동 63번지 2   호   ,13599,37.3705296,127.1228763,그 밖의 대규모점포,,,
성남시,분당우성시장,19951122,,1,정상영업,,031 7013557,,,경기도 성남시 분당구 중앙공원로40번길 42 (서현동),경기도 성남시분당구 서현동 94번지 3   호   ,13589,37.3782235,127.1321016,그 밖의 대규모점포,,,
성남시,코코프라자시장,19941202,,1,정상영업,,0342 7077315,,,경기도 성남시 분당구 서현로210번길 20 6호 (서현동),경기도 성남시분당구 서현동 248-5.6호   ,13591,37.3858636,127.1240750,그 밖의 대규모점포,,,
성남시,홈플러스(주) 익스프레스 분당점,2014-10-02,,1,정상영업,,031-701-8549,295,463-831,경기도 성남시 분당구 장안로 39 (분당동),경기도 성남시 분당구 분당동 90-1번지,13583,37.3704636672,127.1434601531,구분없음,212637.407607508    ,429830.868576239    ,준대규모점포
성남시,한솔프라자시장,19970711,,1,정상영업,,031 7154122,,,경기도 성남시 분당구 내정로17번길 2 (정자동),경기도 성남시분당구 정자동 127번지 3호   ,13612,37.3618431,127.1144416,그 밖의 대규모점포,210070.897509839    ,428945.094477043    ,
성남시,단대마트시장,19931105,,1,정상영업,,031-749-8982,5228.63,,,경기도 성남시 중원구 금광1동 10번지,462241,37.4445515,127.1580144,시장,213918.08132177     ,438064.646460358    ,
성남시,분당종합시장,19961019,,1,정상영업,,031 7146417,,,,"경기도 성남시분당구 수내동 83-1,2호호   ",,,,그 밖의 대규모점포,,,
성남시,홈플러스(주) 익스프레스 수진점,2013-06-14,,1,정상영업,,031-723-8545,291.9,,경기도 성남시 수정구 수정로 140 (수진동),경기도 성남시 수정구 수진동 2번지,461-180,37.4417929787,127.1357061317,구분없음,211935.912354932    ,437751.740876423    ,준대규모점포
성남시,미래타운제1종합시장,19941202,,1,정상영업,,0342 7017007,,,경기도 성남시 분당구 불정로386번길 10 (서현동),경기도 성남시분당구 서현동 307호   ,13587,37.3731173,127.1379296,그 밖의 대규모점포,212152.341107485    ,430133.858908997    ,
성남시,홈플러스(주) 익스프레스 푸른마을점,2013-06-14,,1,정상영업,,031-726-8546,385.85,,경기도 성남시 분당구 불정로 255 (수내동),경기도 성남시 분당구 수내동 83번지 3호,463-020,37.3669317506,127.1264238083,구분없음,211126.322091631    ,429438.144792554    ,준대규모점포
성남시,GS수퍼마켓 미래점,2011-08-11,,1,정상영업,,031-701-1913,670,,"경기도 성남시 분당구 불정로376번길 37 (서현동,(312-4))",경기도 성남시 분당구 서현동 312번지 3호 (312-4),463-819,37.3716232922,127.1394452519,구분없음,212277.21202208     ,429964.013853484    ,준대규모점포
성남시,현대백화점 판교점,2015-04-14,,1,정상영업,,070-7204-9702,59887.88,13529,"경기도 성남시 분당구 판교역로146번길 20, 현대백화점 판교점 (백현동)",경기도 성남시 분당구 백현동 541 현대백화점 판교점,13529,37.3927822598,127.1120948679,백화점,209850.446960528    ,432304.149379043    ,대규모점포
성남시,(주)이마트분당점,1996-11-02,,1,정상영업,,031-710-1052,11371.32,,경기도 성남시 분당구 불정로 134 (정자동),경기도 성남시분당구 정자동 211호,13605,37.3587980632,127.1197565645,대형마트,210542.529800466    ,428535.664844133    ,대규모점포
성남시,(주)이마트분당점,1998-09-17,,1,정상영업,,031-710-1234,7772.51,,경기도 성남시 분당구 불정로 134 (정자동),경기도 성남시분당구 정자동 211호,13605,37.3587980632,127.1197565645,대형마트,210542.529800466    ,428535.664844133    ,대규모점포
성남시,하대원시장,20061106,,1,정상영업,,031-721-5522,1260,13407,경기도 성남시 중원구 마지로 118 (하대원동),경기도 성남시 중원구 하대원동 266번지 1호 등 12필지,13407,37.4273891,127.1421507,시장,212517.471259378    ,436158.853830559    ,대규모점포
성남시,GS수퍼마켓 분당시범단지점,2011-08-11,,1,정상영업,,031-781-2141,555,,"경기도 성남시 분당구 중앙공원로31번길 42 (서현동,서현파크 제158호,제159호)","경기도 성남시 분당구 서현동 89번지 서현파크 제158호,제159호",463-050,37.3830995869,127.1254964279,구분없음,211043.779309531    ,431230.68949626     ,준대규모점포
성남시,홈플러스(주)익스프레스 이매점,2012-04-10,,1,정상영업,,031-781-8540,268.4,463-806,"경기도 성남시 분당구 판교로 434, 101~103호 (이매동)",경기도 성남시 분당구 이매동 131번지 2호  명건빌딩 101~103호,463-806,37.4051720970,127.1219629534,복합쇼핑몰,210727.682131948    ,433676.532394235    ,준대규모점포
성남시,현대프라자시장,19960520,,1,정상영업,,031 7173044,,,경기도 성남시 분당구 돌마로 364 (수내동),경기도 성남시분당구 수내동 79번지 2   호   ,13600,37.3698982,127.1235978,그 밖의 대규모점포,,,
성남시,테마폴리스지하1층점,20050823,,1,정상영업,,003107250131,4575.76,,경기도 성남시 분당구 성남대로925번길 16 (야탑동),경기도 성남시분당구 야탑동 341호,13497,37.4130257,127.1272138,그 밖의 대규모점포,211202.148849893    ,434560.911834998    ,
성남시,(주)이마트에브리데이 이매동점,2012-02-14,,1,정상영업,,0317030074,745.28,463-905,"경기도 성남시 분당구 양현로94번길 29, 이매동 이매촌상가동비01호 (이매동)",경기도 성남시 분당구 이매동 123번지 이매촌아파트 상가동 비01호,463-905,37.3915495879,127.1267874535,구분없음,211174.949647003    ,432260.868907152    ,준대규모점포
성남시,홈플러스(주) 익스프레스 분당정자점,2013-06-14,,1,정상영업,,031-717-8531,307.8,,"경기도 성남시 분당구 내정로 58 (정자동,스포라이프 스포츠센터 101~105)",경기도 성남시 분당구 정자동 117번지 1호  스포라이프 스포츠센터 101~105,463-010,37.3653635126,127.1152287526,구분없음,210134.637941368    ,429264.635322598    ,준대규모점포
성남시,단대마트시장,19931105,,1,정상영업,,0342 7498982,,,,경기도 성남시중원구 금광동 10호   ,13180,37.4445515,127.1580144,그 밖의 대규모점포,213918.08132177     ,438064.646460358    ,
성남시,더샵 스타파크 쇼핑몰,2007-03-09,,1,정상영업,,031-8022-5111,13912,13560,"경기도 성남시 분당구 정자일로 121 (정자동, 더샵스타파크)",경기도 성남시 분당구 정자동 174번지 1호 더샵스타파크,13560,37.3613182925,127.1048941235,그 밖의 대규모점포,209246.187569379    ,428774.799450215    ,대규모점포
성남시,홈플러스(주) 익스프레스 수내점,2013-06-13,,1,정상영업,,,2215.84,,"경기도 성남시 분당구 내정로173번길 11, B01호 (수내동,양지마을상가)",경기도 성남시 분당구 수내동 29번지 양지마을상가  B01호,463-020,37.3749106148,127.1184667209,그 밖의 대규모점포,210421.232418185    ,430307.058659489    ,준대규모점포
성남시,성남중앙지하시장,19950906,,1,정상영업,,031-721-9111,11417.81,,,경기도 성남시 수정구 신흥동 2467번지,13337,37.4398018,127.1448179,시장,213244.090085184    ,437927.010144634    ,대규모점포
성남시,미래타운 제2종합시장,19941202,,1,정상영업,,031-704-8151,1567.84,,경기도 성남시 분당구 불정로376번길 31 (서현동),경기도 성남시 분당구 서현동 311번지,463050,37.3722872,127.1389103,시장,212239.32415708     ,430042.370736928    ,
수원시,노브랜드 스타필드수원점,2023-11-21,,1,정상영업,,02-380-9706,727.43,,경기도 수원시 장안구 수성로 175,"경기도 수원시 장안구 정자동 111-10 외 3필지, 지하2층",16318,37.2874406644,126.9915632992,구분없음,199213.609777517    ,420584.070996806    ,준대규모점포
수원시,NC수원 터미널점,2001-09-13,,1,정상영업,,031-8065-3614,26072.06,,경기도 수원시 권선구 경수대로 270 (권선동),경기도 수원시권선구 권선동 1189호,16585,37.2504974396,127.0208246964,그 밖의 대규모점포,201782.733115582    ,416501.699707548    ,대규모점포
수원시,홈플러스(주)익스프레스 화서점,2011-10-31,,1,정상영업,,031-255-8543,668.6,442-864,경기도 수원시 팔달구 화양로35번길 6 (화서동),경기도 수원시 팔달구 화서동 212번지,442-150,37.2812332597,126.9965233753,구분없음,199618.343358284    ,419934.360506858    ,준대규모점포
수원시,홈플러스(주)익스프레스 매탄점,2011-10-31,,1,정상영업,,031-212-8543,235,443-373,경기도 수원시 영통구 효원로 363 (매탄동),경기도 수원시 영통구 매탄동 1352번지,443-370,37.2596128459,127.0419006795,구분없음,203603.161205028    ,417765.005936104    ,준대규모점포
수원시,홈플러스(주)익스프레스 수원매탄2점,20140922,,1,정상영업,,031-217-8545,237.7,443800,경기도 수원시 영통구 중부대로 254 (매탄동),경기도 수원시 영통구 매탄동 153-23번지,16531,37.2745193451,127.0435699811,구분없음,203789              ,419188              ,준대규모점포
수원시,롯데쇼핑(주) 롯데슈퍼 인계점,2009-07-10,,1,정상영업,,031-217-5604,402,442-828,경기도 수원시 팔달구 권광로 262 (인계동),경기도 수원시 팔달구 인계동 362번지,442-828,37.2706396939,127.0356755572,구분없음,203100.01965872     ,418750.284714679    ,준대규모점포
수원시,(주)이마트 광교점,2015-06-29,,1,정상영업,,02-380-9394,16100.78,443-270,경기도 수원시 영통구 광교로 191 (이의동),경기도 수원시 영통구 이의동 1240번지,443-270,37.2963728697,127.0469017985,대형마트,204159.790041271    ,421622.575799907    ,대규모점포
수원시,엘리웨이 광교,20180307,,1,정상영업,,02-539-1781,14809.24,16500,경기도 수원시 영통구 광교중앙로25번길 74 (원천동),경기도 수원시 영통구 원천동 582번지 9호,16500,37.2761514449,127.0507904830,그 밖의 대규모점포,204437.000117278    ,419359.853305028    ,대규모점포
수원시,트레이더스 홀세일클럽 수원점,2013-07-19,,1,정상영업,,031-8005-1250~1,13669.94,16682,경기도 수원시 영통구 삼성로 2 (신동),경기도 수원시 영통구 신동 941번지,16682,37.2461087859,127.0486461530,대형마트,204246.15796254     ,416018.208911536    ,대규모점포
수원시,지에스 더프레시(GS THE FRESH) 권선아이파크점,2017-07-26,,1,정상영업,,031-8006-4646,203.2,16663,"경기도 수원시 권선구 동수원로177번길 40 (권선동, 권선아이파크5차 단지상가 109호~111호)",경기도 수원시 권선구 권선동 1364번지 권선아이파크5차 단지상가 109호~111호,16663,37.2468993590,127.0294393616,구분없음,202599.794401948    ,416089.125805678    ,준대규모점포
수원시,홈플러스(주) 동수원점,2002-02-26,,1,정상영업,,031-231-8128,16703.75,,경기도 수원시 팔달구 효원로 257 (인계동),경기도 수원시팔달구 인계동 1045호,16490,37.2627666707,127.0301301050,대형마트,202602.629959972    ,417869.723857315    ,대규모점포
수원시,팅스(tings),20110125,,1,정상영업,,"243-2252, 243-2297",24843.88,,경기도 수원시 팔달구 갓매산로 85 (매산로1가),경기도 수원시 팔달구 매산로1가 23번지,442081,37.2701121382,127.0012668946,쇼핑센터,200063.211202216    ,418635.531170687    ,대규모점포
수원시,역전시장,19671217,,1,정상영업,,031 2565019,20093,,경기도 수원시 팔달구 매산로 2-10 (매산로1가),경기도 수원시 팔달구 매산로1가 57번지 3호,442081,37.2662767721,127.0023523514,시장,200143.578676782    ,418242.337011693    ,대규모점포
수원시,센터블SPA,20030818,,1,정상영업,,031-229-7700,14450,,경기도 수원시 권선구 동수원로 232 (권선동),경기도 수원시권선구 권선동 1296번지 5호,16553,37.2502552995,127.0346956315,쇼핑센터,203008.63167969     ,416482.021577373    ,대규모점포
수원시,뉴코아 동수원아울렛,1992-12-17,,1,정상영업,,031-229-7756,28601.46,,경기도 수원시 팔달구 인계로 154 (인계동),경기도 수원시팔달구 인계동 1114번지 1   호,16488,37.2662986444,127.0343149778,쇼핑센터,202973.410322233    ,418262.114463247    ,대규모점포
수원시,홈플러스(주) 원천점,2000-11-13,,1,정상영업,,031-252-2080,9326.64,16513,경기도 수원시 영통구 중부대로 437 (원천동),경기도 수원시 영통구 원천동 177번지 1호,16513,37.2700608855,127.0636056648,대형마트,205572.586871555    ,418683.704929064    ,대규모점포
수원시,지에스 더프레시(GS THE FRESH) 수원화서점,2021-09-13,,1,정상영업,,02-2006-2678,189.2,16318,"경기도 수원시 장안구 대평로 27, 107~109호 (정자동, 화서역 파크푸르지오)",경기도 수원시 장안구 정자동 111-20 화서역 파크푸르지오,16318,37.2902327497,126.9952562514,구분없음,199460.301398641    ,420871.789200422    ,준대규모점포
수원시,화서역파크푸르지오 오피스텔&상가,2021-05-25,,1,정상영업,,02-3404-4921,5855.48,16318,"경기도 수원시 장안구 대평로 27 (정자동, 화서역 파크푸르지오)",경기도 수원시 장안구 정자동 950 화서역 파크푸르지오,16318,37.2907471048,126.9932784720,복합쇼핑몰,199460.301398641    ,420871.789200422    ,대규모점포
수원시,홈씨씨 수원점,2022-02-22,,1,정상영업,,02-2015-8524,5926.48,16621,경기도 수원시 권선구 세화로134번길 31(서둔동),경기도 수원시 권선구 서둔동 296-124,16621,37.2655599359,126.9969660864,전문점,199672.086338054    ,418258.297963828    ,대규모점포
수원시,지에스더프레시(GS THE FRESH) 수원매교역점,2023-02-23,,1,정상영업,,02-2006-2678,170,16469,경기도 수원시 팔달구 인계로 20(매교동),경기도 수원시 팔달구 매교동 209-14,16469,,,구분없음,201559.53418689     ,418602.288236093    ,준대규모점포
수원시,광교 엘포트 몰,20180226,,1,정상영업,,02-2189-6000,13933.92,16508,경기도 수원시 영통구 광교중앙로 145 (이의동),경기도 수원시 영통구 이의동 1336번지 1호,16508,37.2870392797,127.0577089754,그 밖의 대규모점포,205049.975090731    ,420565.686790601    ,대규모점포
수원시,롯데쇼핑(주) 롯데마트 광교점,2012-03-27,,1,정상영업,,02-2145-8474,13912.61,16507,"경기도 수원시 영통구 센트럴타운로 85(이의동, 광교C1 호반베르디움, Summit Place광교)","경기도 수원시 영통구 이의동 1332 광교C1 호반베르디움, Summit Place광교",16507,37.2915640479,127.0504732206,대형마트,204409.226022404    ,420967.617798492    ,대규모점포
수원시,지에스더프레시(GS The Fresh) 수원팔달점,2022-07-18,,1,정상영업,,031-231-2428,243.3,16464,"경기도 수원시 팔달구 효원로93번길 33, 상가1동 101~104호 (매교동, 힐스테이트 푸르지오 수원)",경기도 수원시 팔달구 매교동 292 힐스테이트 푸르지오 수원,16464,37.2683307749,127.0129069032,구분없음,201012.391062735    ,418409.370803645    ,준대규모점포
수원시,지에스더프레시(GS THE FRESH) 수원한일타운점,2023-05-04,,1,정상영업,,02-2006-2678,298.5,16295,"경기도 수원시 장안구 경수대로976번길 22 (조원동, 수원 한일타운)",경기도 수원시 장안구 조원동 881 수원 한일타운,16294,37.3052695854,127.0085048947,구분없음,200677.578238738    ,422613.876922536    ,준대규모점포
수원시,지에스리테일(수원센트럴점),2023-05-04,,1,정상영업,,02-2006-2678,248,16475,"경기도 수원시 팔달구 세지로 211 (인계동, 인계 파밀리에)",경기도 수원시 팔달구 인계동 865-10 인계 파밀리에,16475,37.2699135831,127.0230815204,구분없음,201942.305670572    ,418720.35220815     ,준대규모점포
수원시,한화갤러리아(주) 광교점,2019-06-21,,1,정상영업,,02-410-7138,66350,16514,"경기도 수원시 영통구 광교중앙로 124, 갤러리아 광교 (하동)",경기도 수원시 영통구 하동 1017-2 갤러리아 광교,16514,37.2853339989,127.0572677088,백화점,205023.582888351    ,420361.248170516    ,대규모점포
수원시,중흥S클래스,20191114,,1,정상영업,,062-510-2310,38325,16517,"경기도 수원시 영통구 광교호수공원로 277 (원천동, 광교중흥에스클래스)",경기도 수원시 영통구 원천동 589번지 광교중흥에스클래스,16517,37.2827839999,127.0575195438,그 밖의 대규모점포,,,대규모점포
수원시,롯데쇼핑(주) 롯데슈퍼 정자점,2002-12-05,,1,정상영업,,031-246-9092,1482.6,440-301,경기도 수원시 장안구 정자천로 187 (정자동),경기도 수원시 장안구 정자동 874-2번지,16334,37.2965613775,126.9954621899,구분없음,199524.963492432    ,421620.627876998    ,준대규모점포
수원시,(주) 스타필드 수원,2023-10-30,,1,정상영업,,02-6921-1638,103145.33,16318,경기도 수원시 장안구 수성로 175 (정자동),경기도 수원시 장안구 정자동 111-14,16318,37.2874406644,126.9915632992,복합쇼핑몰,199161.380909543    ,420620.351156652    ,대규모점포
수원시,홈플러스(주) 서수원점,2011-12-12,,1,정상영업,,031-8019-1024,20860.31,16393,경기도 수원시 권선구 금곡로 236 (금곡동),경기도 수원시 권선구 금곡동 1116번지 홈플러스,16393,37.2744372277,126.9558834150,대형마트,195965.406968544    ,419154.489182672    ,대규모점포
수원시,(주)이마트 수원점,2001-09-13,,1,정상영업,,031-207-1054,10907.67,441-713,경기도 수원시 권선구 경수대로 270 (권선동),경기도 수원시 권선구 권선동 1189번지,16585,37.2504974396,127.0208246964,대형마트,201782.733115582    ,416501.699707548    ,대규모점포
수원시,타임빌라스 수원,2014-11-20,,1,정상영업,,031-247-3055,74247.63,16621,"경기도 수원시 권선구 세화로 134 (서둔동, 롯데몰수원점)",경기도 수원시 권선구 서둔동 381번지 롯데몰수원점,16621,37.2641013965,126.9973705173,쇼핑센터,199673.378589066    ,418025.547756245    ,대규모점포
수원시,(주)지에스리테일 GS 수퍼 수원매탄점,2012-12-17,,1,정상영업,,031-211-2034,550.46,16543,"경기도 수원시 영통구 효원로 363, 매탄 위브 하늘채 상가 제비동 제지층 제비01호 (매탄동, 매탄 위브 하늘채)",경기도 수원시 영통구 매탄동 1352 매탄 위브 하늘채,16543,37.2609646021,127.0418135500,구분없음,203603.161205028    ,417765.005936104    ,준대규모점포
수원시,(주)이마트 서수원점,2005-08-18,,1,정상영업,,031-895-1052,14301,441-819,경기도 수원시 권선구 수인로 291 (구운동),경기도 수원시 권선구 구운동 925번지,441-819,37.2826692976,126.9703199061,대형마트,197288.720762935    ,420051.3394073      ,대규모점포
수원시,롯데쇼핑(주) 롯데마트 영통점,20011117,,1,정상영업,,031-201-7283,30647,,경기도 수원시 영통구 봉영로 1579 (영통동),경기도 수원시영통구 영통동 960번지 1호,16703,37.2527384461,127.0716666812,대형마트,206280.42241937     ,416752.265272239    ,대규모점포
수원시,북수원 패션아울렛,2003-04-25,,1,정상영업,,031-303-0000,19103.46,,경기도 수원시 장안구 경수대로 950 (조원동),경기도 수원시장안구 조원동 893호,16295,37.3035437598,127.0075005776,쇼핑센터,200590.511692153    ,422392.384620274    ,대규모점포
수원시,롯데쇼핑(주) 롯데슈퍼 우만점,2010-02-27,,1,정상영업,,031-216-5603,253.8,442-191,경기도 수원시 팔달구 중부대로143번길 39 (우만동),경기도 수원시 팔달구 우만동 559-7번지,16240,37.2799822031,127.0321325369,구분없음,202779.748295951    ,419781.817002439    ,준대규모점포
수원시,홈플러스(주) 북수원점,2000-08-25,,1,정상영업,,031-259-8000,20000.14,,경기도 수원시 장안구 경수대로 930 (조원동),경기도 수원시 장안구 조원1동 896번지,440-201,37.3027649664,127.0088032891,대형마트,200709.882380059    ,422304.072402192    ,대규모점포
수원시,홈플러스(주)익스프레스 수원연무점,2014-09-16,,1,정상영업,,031-256-8546,232.6,440-813,경기도 수원시 장안구 창룡대로 193 (연무동),경기도 수원시 장안구 연무동 245-32번지,16219,37.2926790572,127.0311851852,구분없음,202693.265138935    ,421193.449255723    ,준대규모점포
수원시,롯데쇼핑(주) 롯데마트 천천점,2003-11-20,,1,정상영업,,031-240-2500,6535.57,,경기도 수원시 장안구 만석로19번길 25-10 (천천동),경기도 수원시장안구 천천동 525호,16329,37.2964141832,126.9822510076,대형마트,198351.916669296    ,421604.975940414    ,대규모점포
수원시,아브뉴프랑광교점,2015-05-29,,1,정상영업,,02-6177-0621,25461,443-270,경기도 수원시 영통구 센트럴타운로 85 (이의동),경기도 수원시 영통구 이의동 1332번지,443-270,37.2908944608,127.0498002839,쇼핑센터,204409.226022404    ,420967.617798492    ,대규모점포
수원시,(주)이마트에브리데이 매탄점,2014-09-16,,1,정상영업,,031-213-2586,620.21,443-718,경기도 수원시 영통구 인계로 219 (매탄동),경기도 수원시 영통구 매탄동 810-3번지 삼성1차아파트,16537,37.2660564478,127.0415458572,구분없음,203654.140907291    ,418212.585267662    ,준대규모점포
수원시,AK플라자수원점,2003-02-11,,1,정상영업,,031-240-0602,54303.8,442-081,경기도 수원시 팔달구 덕영대로 924 (매산로1가),경기도 수원시팔달구 매산로1가 18호,16622,37.2656360259,127.0000332550,복합쇼핑몰,199920.194662903    ,418246.927112644    ,대규모점포
수원시,수원종합공구단지,2007-06-22,,1,정상영업,,031-291-0945,26247.28,,경기도 수원시 권선구 권선로 308-18 (고색동),경기도 수원시 권선구 고색동 986번지,441-813,37.2540713690,126.9853600411,전문점,198613.570371955    ,417039.040348815    ,대규모점포
수원시,롯데쇼핑(주)롯데몰 광교점,2015-05-18,,1,정상영업,,02-2118-6891,31749.58,16508,"경기도 수원시 영통구 도청로 10 (이의동, 광교센트럴푸르지오시티)",경기도 수원시 영통구 이의동 1338번지,16508,37.2865820892,127.0559743208,쇼핑센터,204888.855554772    ,420476.391558834    ,대규모점포
수원시,홈플러스(주) 영통점,2000-08-25,,1,정상영업,,031-201-8000,16100,,경기도 수원시 영통구 봉영로 1576 (영통동),경기도 수원시영통구 영통동 994번지 2호,16704,37.2518134073,127.0726078415,대형마트,206365.525651714    ,416652.30156114     ,대규모점포
수원시,영동시장,19691219,,1,정상영업,,031 251 0171,2813,,경기도 수원시 팔달구 수원천로255번길 6 (영동),경기도 수원시팔달구 영동 8번지,442010,37.2768907290,127.0187173017,시장,201579.422662333    ,419466.645368527    ,대규모점포
수원시,지에스(GS)수퍼 수원권선점,2017-06-02,,1,정상영업,,031-8006-4646,247.68,16582,"경기도 수원시 권선구 권광로 55 (권선동, 권선자이이편한세상)",경기도 수원시 권선구 권선동 1330번지 권선자이이편한세상 상가 B105호~107호,16582,37.2548365273,127.0261423317,구분없음,202272.314465399    ,416779.037573728    ,준대규모점포
수원시,(주)지에스리테일 GS수퍼 수원아트리움점,2015-12-31,,1,정상영업,,02-2006-3059,968.32,16336,"경기도 수원시 장안구 이목로 24-3, 지하1층 B01~B03호 (정자동)",경기도 수원시 장안구 정자동 600-28,16336,37.3096213713,126.9847446701,구분없음,198580.177391346    ,423071.097411366    ,준대규모점포
시흥시,롯데쇼핑(주) 롯데마트 시흥점,2000-02-26,,1,정상영업,,031 435 7500,7480,429-874,경기도 시흥시 비둘기공원로 28 (대야동),경기도 시흥시 대야동 542번지,429-874,37.4430368253,126.7919559438,대형마트,181520.673307238    ,437898.181862031    ,대규모점포
시흥시,성담스퀘어,2000-04-12,,1,정상영업,,0313655050,12684.89,429-861,경기도 시흥시 정왕대로 210 (정왕동),경기도 시흥시 정왕동 1734번지 1호,429-450,37.3459328804,126.7368812651,쇼핑센터,176599.546077229    ,427145.740913738    ,대규모점포
시흥시,스틸랜드 관리단,2008-02-20,,1,정상영업,,031-8041-4500,214876.79,429-937,경기도 시흥시 오이도로 21 (정왕동),"경기도 시흥시 정왕동 2210,2212,2213번지",429-450,37.3462087460,126.6981873285,전문점,173354.884787312    ,426990.403993901    ,대규모점포
시흥시,신세계프리미엄아울렛 시흥점,2019-03-18,,1,정상영업,,02-2185-1234,46903.89,15010,경기도 시흥시 서해안로 699 (정왕동),경기도 시흥시 배곧동 36번지,15010,37.3803293949,126.7369394796,복합쇼핑몰,176568.020503007    ,430857.327073249    ,대규모점포
시흥시,롯데쇼핑(주) 롯데마트 시화점,2005-03-31,,1,정상영업,,031 496 7722,2512,429-853,경기도 시흥시 마유로238번길 26 (정왕동),경기도 시흥시 정왕동 1366번지 4호,15079,37.3376271419,126.7306774357,대형마트,176013.580530478    ,426137.322631345    ,대규모점포
시흥시,시흥배곧 아브뉴프랑 센트럴,20190806,,1,정상영업,,02-6177-0315,47820.69,15011,"경기도 시흥시 서울대학로264번길 7, 시흥배곧 아브뉴프랑 센트럴 (정왕동)",경기도 시흥시 정왕동 1771번지 31호,15011,37.3691267298,126.7260417622,그 밖의 대규모점포,174116.463264643    ,428572.132228513    ,대규모점포
시흥시,시흥플랑드르,2020-06-17,,1,정상영업,,,27134.94,14999,"경기도 시흥시 장현능곡로 155, 시흥 플랑드르 (능곡동)",경기도 시흥시 능곡동 235-1 시흥 플랑드르,15121,37.3710186339,126.8072928232,그 밖의 대규모점포,182864.742763587    ,429902.071373508    ,대규모점포
시흥시,홈플러스 익스프레스 시흥배곧점,20211020,,1,정상영업,,031-8042-2293,205.9,15010,"경기도 시흥시 서울대학로278번길 19-13(배곧동, 시흥배곧 C1 호반 써밋플레이스)",경기도 시흥시 배곧동 191 시흥배곧 C1 호반 써밋플레이스,15010,37.3709989287,126.7270163836,구분없음,,,준대규모점포
시흥시,아쿠아펫랜드,2023-04-03,,1,정상영업,,070-7773-5390,44052.4,15119,"경기도 시흥시 거북섬북로 54, 아쿠아펫랜드 (정왕동)",경기도 시흥시 정왕동 2684 아쿠아펫랜드,15119,37.3292931228,126.6789187057,그 밖의 대규모점포,171450.600413716    ,425422.79435828     ,대규모점포
시흥시,홈플러스(주)시화점,2004-03-17,,1,정상영업,,031 434 7684,19305,429-450,경기도 시흥시 희망공원로 269 (정왕동),경기도 시흥시 정왕동 2166번지 4호,15081,37.3452082082,126.7252373690,대형마트,175571.408649221    ,427063.061719326    ,대규모점포
시흥시,롯데마켓 999 시흥정왕역점,20120419,,1,정상영업,,031-433-3859,168.9,429450,경기도 시흥시 오동마을로 14 (정왕동),경기도 시흥시 정왕2동 2319번지 3호   101호,429452,37.3526092,126.7430521,,177169.734152622    ,427882.357489452    ,준대규모점포
시흥시,시화공구상가사업협동조합,1997-03-17,,1,정상영업,,031 4305001,22877.58,429-879,경기도 시흥시 공단1대로 204 (정왕동),경기도 시흥시 정왕2동 1364번지,429-879,37.3377342760,126.7236208243,그 밖의 대규모점포,175470.687063644    ,426164.742756383    ,대규모점포
시흥시,시화공작기계 스텐레스판매조합,20080616,,1,정상영업,,498-6985,19599.9,429793,경기도 시흥시 산기대학로 115 (정왕동),경기도 시흥시 정왕동 2166번지 2호,429450,37.3467776,126.7224418,전문점,175342.113845703    ,427240.561121589    ,대규모점포
시흥시,한국기계유통단지관리사무소,20170406,,1,정상영업,,031-507-2004,26011.6,15119,경기도 시흥시 시화벤처로 6-19 (정왕동),경기도 시흥시 정왕동 2632번지,15119,37.3326288208,126.6855310518,전문점,172118              ,425572              ,대규모점포
시흥시,롯데쇼핑(주) 롯데마트 시흥배곧점,2016-09-22,,1,정상영업,,02-2145-8487,13550.1,15011,"경기도 시흥시 서울대학로278번길 67 (정왕동, 롯데마트(시흥배곧점))",경기도 시흥시 배곧동 202번지 롯데마트(시흥배곧점),15011,37.3688907319,126.7313182505,대형마트,176109.153092015    ,429698.791930655    ,대규모점포
시흥시,시화유통상가사업협동조합,1997-03-17,,1,정상영업,,031 430 0114,23740.74,429-853,"경기도 시흥시 공단1대로 244, 지원상가동 308호 (정왕동)",경기도 시흥시 정왕동 1367-1번지 지원 상가동 308호,15103,37.3347248053,126.7265416247,그 밖의 대규모점포,175751.992022502    ,425940.901471747    ,대규모점포
안산시,안산종합유통단지,19920430,,1,정상영업,,003104945787,18121.96,425850,경기도 안산시 단원구 산단로 348 (원곡동),경기도 안산시 단원구 원곡동 994번지,425850,37.3266127,126.7867494,그 밖의 대규모점포,181034.70168025     ,424985.683162494    ,대규모점포
안산시,트레이더스 홀세일클럽 안산점,2011-06-22,,1,정상영업,,02-380-9422,9207.06,15402,"경기도 안산시 단원구 중앙대로 397, 이마트트레이더스 (신길동)",경기도 안산시 단원구 신길동 1687번지 이마트트레이더스,15402,37.3311715243,126.7849927694,대형마트,180873.786214121    ,425492.088360076    ,대규모점포
안산시,천혜그레이스,20101208,,1,정상영업,,031-411-7733,6105.58,,경기도 안산시 단원구 광덕4로 244 (고잔동),경기도 안산시 단원구 고잔동 729번지 5호,425020,37.3142809,126.8392973,그 밖의 대규모점포,185689.81761758     ,423609.133118183    ,
안산시,홈플러스(주)안산고잔점,2002-07-24,,1,정상영업,,031-445-2080,15909.39,425-807,경기도 안산시 단원구 광덕대로 175 (고잔동),경기도 안산시 단원구 고잔동 707번지 2호,425-807,37.3119141209,126.8289385051,대형마트,184766.070784522    ,423338.223688148    ,대규모점포
안산시,로데오프라자,20060710,,1,정상영업,,031 4117733,5854,,경기도 안산시 단원구 광덕4로 234 (고잔동),경기도 안산시단원구 고잔동 729번지 3호,15464,37.3143429,126.8384962,그 밖의 대규모점포,185617.609879423    ,423614.052555144    ,
안산시,안산제일종합시장,19920312,,1,정상영업,,031-401-2240~2,8490.34,,경기도 안산시 단원구 선이로 14 (선부동),경기도 안산시단원구 선부동 1028호,15220,37.3422839,126.8035757,그 밖의 대규모점포,182528.570604292    ,426722.925669933    ,대규모점포
안산시,(주)군자포커스프라자,20080722,,1,정상영업,,0031-494-3771,5397.23,,경기도 안산시 단원구 화랑로 32 (원곡동),경기도 안산시단원구 원곡동 762번지,425130,37.3314765,126.7958864,그 밖의 대규모점포,181845.332285791    ,425523.446902785    ,
안산시,서울프라자,19941206,,1,정상영업,,031  4804773,4901.9,,경기도 안산시 단원구 삼일로 310 (선부동),경기도 안산시단원구 선부동 1077호,15368,37.3337292,126.8120499,그 밖의 대규모점포,183276.530808057    ,425771.686562823    ,대규모점포
안산시,라성프라자,19891226,,1,정상영업,,031-480-8840,7033,15382,"경기도 안산시 단원구 화랑로 103, 라성프라자 (원곡동)",경기도 안산시 단원구 원곡동 846번지 3호 라성프라자,15382,37.3271153779,126.8009643668,그 밖의 대규모점포,182294.985340242    ,425039.319016326    ,대규모점포
안산시,월드프라자,19910617,,1,정상영업,,0314070951,4354.31,15561,경기도 안산시 상록구 본오로 60 (본오동),경기도 안산시 상록구 본오동 872번지,15561,37.2902852,126.8665164,그 밖의 대규모점포,187970.805119162    ,421993.766657779    ,대규모점포
안산시,신안프라자,1993-07-01,,1,정상영업,,031-406-2104,16480.52,15541,"경기도 안산시 상록구 반석로 54 (본오동, 신안프라자)",경기도 안산시 상록구 본오동 871번지,15541,37.2963798377,126.8642222170,그 밖의 대규모점포,187960.429281747    ,421469.517837306    ,대규모점포
안산시,안산시 시민시장,1997-08-14,,1,정상영업,,031  411 1040,4748.8,15387,"경기도 안산시 단원구 화랑로 149 (초지동, 안산시민시장)",경기도 안산시 단원구 초지동 604번지 4호,,,,그 밖의 대규모점포,182678.467316641    ,424813.191382151    ,대규모점포
안산시,부일프라자,20110126,,1,정상영업,,031-405-1658,5320.93,,경기도 안산시 단원구 광덕4로 96 (고잔동),경기도 안산시 단원구 고잔동 681번지 2호,425906,37.3151495,126.8231072,그 밖의 대규모점포,184252.314410349    ,423707.368637448    ,
안산시,동서코아,19930403,,1,정상영업,,031-484-6000,3382.93,,경기도 안산시 단원구 중앙대로 921 (고잔동),경기도 안산시단원구 고잔동 541번지 1호,425020,37.3170646,126.8389416,그 밖의 대규모점포,185656.844322398    ,423918.131295682    ,대규모점포
안산시,한양프라자 반월점,19910729,,1,정상영업,,003104072509,7837,15540,"경기도 안산시 상록구 반석로 20, 롯데마트 (본오동)",경기도 안산시 상록구 본오동 880번지 롯데마트,15540,37.2951170,126.8608461,쇼핑센터,187595.980278835    ,421479.053985183    ,대규모점포
안산시,스타프라자,1990-07-02,,1,정상영업,,003104825067,5227.97,,,경기도 안산시상록구 성포동 583호,15296,37.3224316075,126.8447365442,그 밖의 대규모점포,186091.131285293    ,424433.703969071    ,대규모점포
안산시,중앙제일시장,20110304,,1,정상영업,,031-411-7733,5641.73,,경기도 안산시 단원구 광덕4로 230 (고잔동),경기도 안산시 단원구 고잔동 729번지 2호,425809,37.3143692,126.8379660,그 밖의 대규모점포,185571.417328567    ,423617.16637322     ,
안산시,트리플렉스 B단지,20131017,,1,정상영업,,02-510-8073,10746.11,,경기도 안산시 단원구 풍전로 37-24 (원곡동),경기도 안산시 단원구 원곡동 994번지 8호,425850,37.3259772,126.7890754,그 밖의 대규모점포,181240.4821091      ,424913.855250784    ,대규모점포
안산시,중앙상가,20100806,,1,정상영업,,,6759,,경기도 안산시 단원구 광덕4로 246 (고잔동),경기도 안산시 단원구 고잔동 729번지 6호,425020,37.3142817218,126.8398275781,그 밖의 대규모점포,185736.057614723    ,423607.180837891    ,대규모점포
안산시,(주)이마트 안산고잔점,2003-06-13,,1,정상영업,,0315991051,13872,425-867,경기도 안산시 단원구 원포공원1로 46-0 (초지동),경기도 안산시 단원구 초지동 742번지 4호,425-080,37.3027990562,126.8128612961,대형마트,183256.582373298    ,422372.55371816     ,대규모점포
안산시,서부공단전시판매센타,19950706,,1,정상영업,,031)495-8460,19409.18,15433,경기도 안산시 단원구 동산로 63 (원시동),경기도 안산시 단원구 원시동 773번지 9호,15433,37.3142874,126.7972421,그 밖의 대규모점포,181961.733012032    ,423615.27638305     ,대규모점포
안산시,NC고잔점,2007-10-29,,1,정상영업,,0314052001,15823.57,15462,경기도 안산시 단원구 광덕대로 194 (고잔동),경기도 안산시 단원구 고잔동 725번지 1호,15462,37.3134582083,126.8310125539,쇼핑센터,184953.121683517    ,423556.960051606    ,대규모점포
안산시,다농마트,19931220,,1,정상영업,,031-410-6666,13310.36,426853,경기도 안산시 상록구 예술광장로 1 (월피동),경기도 안산시상록구 월피동 445호,15288,37.3282802,126.8439946,그 밖의 대규모점포,186106.832558134    ,425161.59402192     ,대규모점포
안산시,안산의류상설할인매장 B동,20020104,,1,정상영업,,003104173737,5729.77,,경기도 안산시 상록구 삼리로 49 (사동),경기도 안산시상록구 사동 1531호,15499,37.3048652,126.8459050,전문점,186273.656995747    ,422561.165688697    ,대규모점포
안산시,케이플러스,20070626,,1,정상영업,,003104753301,7343,15464,경기도 안산시 단원구 광덕4로 256 (고잔동),경기도 안산시 단원구 고잔동 729번지 8호,15464,37.3142290,126.8408542,그 밖의 대규모점포,185825.827615102    ,423600.945837679    ,대규모점포
안산시,슈마프라자,20091124,,1,정상영업,,031- 480-1314,7483,,경기도 안산시 단원구 광덕4로 112 (고잔동),경기도 안산시 단원구 고잔동 681번지 6호,425802,37.3150618,126.8247206,그 밖의 대규모점포,184396.666284407    ,423698.166827741    ,
안산시,롯데쇼핑(주)롯데마트안산점,2005-09-13,,1,정상영업,,0314128811,15987.56,426-837,경기도 안산시 상록구 항가울로 422 (성포동),경기도 안산시상록구 성포동 590호,15299,37.3180439496,126.8467383942,쇼핑센터,186396.067737112    ,423947.236380533    ,대규모점포
안산시,한양프라자 안산점,19921021,,1,정상영업,,003104100033,10995,15235,"경기도 안산시 단원구 달미로 64, 롯데마트 (선부동)",경기도 안산시 단원구 선부동 1086번지 롯데마트,15235,37.3392854,126.8157710,그 밖의 대규모점포,183607.833754358    ,426385.004910461    ,대규모점포
안산시,안산의류상설할인매장 A동,20020103,,1,정상영업,,003104179700,5277.71,,경기도 안산시 상록구 삼리로 45 (사동),경기도 안산시상록구 사동 1530호,15499,37.3048988,126.8440776,전문점,186111.597633757    ,422567.088892419    ,준대규모점포
안산시,롯데쇼핑(주) 안산점,19991201,,1,정상영업,,031-412-1085,25462,425868,경기도 안산시 단원구 고잔1길 12 (고잔동),경기도 안산시단원구 고잔동 536번지 2   호,15360,37.3180028201,126.8345047779,백화점,185262.981866275    ,424012.30109378     ,대규모점포
안산시,트리플렉스 A단지,20131017,,1,정상영업,,02-510-8073,31618.98,,경기도 안산시 단원구 풍전로 37-9 (원곡동),경기도 안산시 단원구 원곡동 994번지 6호,425850,37.3245900,126.7893050,그 밖의 대규모점포,181258.71259879     ,424761.274007584    ,대규모점포
안산시,홈플러스(주),20020724,,1,정상영업,,031-445-2080,15909.39,15471,"경기도 안산시 단원구 광덕대로 175, 삼성홈플러스 (고잔동)",경기도 안산시 단원구 고잔동 707번지 2호 삼성홈플러스,15471,37.3118423845,126.8288794375,대형마트,184766.070784522    ,423338.223688148    ,대규모점포
안산시,라성프라자,20191125,,1,정상영업,,031-480-8840,7033,15382,"경기도 안산시 단원구 화랑로 107, 라성호텔 (원곡동)",경기도 안산시 단원구 원곡동 846번지 3호 라성호텔,15382,37.3271153779,126.8009643668,그 밖의 대규모점포,182294.985340242    ,425039.319016326    ,대규모점포
안산시,현대타워랜드,2024-07-23,,1,정상영업,,484-5332,19927.49,15360,경기도 안산시 단원구 당곡로 20 (고잔동),경기도 안산시 단원구 고잔동 533,15360,37.3187920562,126.8337980830,그 밖의 대규모점포,185196.01753702     ,424100.3316153      ,대규모점포
안성시,스타필드 안성,2016-04-06,,1,정상영업,,02-727-3732,106011,17563,경기도 안성시 공도읍 서동대로 3980,경기도 안성시 공도읍 진사리 354번지 외 17필지,17563,36.9945235041,127.1471670216,복합쇼핑몰,213062.918998049    ,388093.036705258    ,대규모점포
안성시,(주)이마트안성,2013-01-07,,1,정상영업,,031-678-1234,10035.66,,경기도 안성시 중앙로 246 (석정동),경기도 안성시 석정동 149번지 3호,456-240,37.0127265766,127.2559163951,대형마트,222711.793919182    ,390149.787207476    ,대규모점포
안성시,(주)지에스리테일 안성점,2012-04-02,,1,정상영업,,0316778056,1267.46,456-060,경기도 안성시 중앙로 430 (영동),경기도 안성시 영동 410번지 외4필지,456-060,37.0060921644,127.2742248406,그 밖의 대규모점포,224346.846210761    ,389422.608470627    ,준대규모점포
안성시,(주)이마트 안성점,2008-08-27,,1,정상영업,,686 1234,10035.66,456-240,경기도 안성시 중앙로 246 (석정동),경기도 안성시 석정동 149번지 3호,456-240,37.0127265766,127.2559163951,대형마트,222711.793919182    ,390149.787207476    ,대규모점포
안성시,롯데쇼핑(주)롯데마트안성점,2006-10-04,,1,정상영업,,031-691-2500,13587.5,456-820,경기도 안성시 공도읍 서동대로 4478,경기도 안성시 공도읍 양기리 산 2번지 13호,456-824,37.0078825813,127.1994840903,대형마트,217695.637116434    ,389592.895375219    ,대규모점포
안성시,노브랜드 안성시장점,2017-07-05,,1,정상영업,,02 380 9461,541.2,17592,"경기도 안성시 시장길 37 (서인동, 안성시장 지하1층)",경기도 안성시 서인동 13-1번지 안성시장 지하1층,17592,37.0066256944,127.2704016872,그 밖의 대규모점포,224008.128670892    ,389496.559547726    ,준대규모점포
안성시,서안성농협 하나로마트,20081114,,1,정상영업,,653-2921,5620.51,456823,경기도 안성시 공도읍 덕봉서원로 68,경기도 안성시 공도읍 만정리 381번지 1호,456823,37.0097472,127.1721374,대형마트,215252              ,389842              ,대규모점포
안성시,안성축산농협 하나로마트,20100329,,1,정상영업,,031-8046-8000,4326.62,456280,경기도 안성시 안성맞춤대로 833 (계동),경기도 안성시 계동 85번지 3호,456280,36.9886134,127.2677701,대형마트,223771.205358289    ,387484.797282739    ,대규모점포
안양시,롯데슈퍼 평촌엘프가맹점,2024-06-25,,1,정상영업,,,580.2,13917,"경기도 안양시 동안구 매곡로 23, 1단지상가 122호 (비산동, 평촌엘프라우드)",경기도 안양시 동안구 비산동 281-1 1단지상가 122호,13917,37.4065712736,126.9444096504,구분없음,,,준대규모점포
안양시,패션일번가,20040519,,1,정상영업,,031-463-5780,5237.36,,경기도 안양시 만안구 안양로 309 (안양동),경기도 안양시만안구 안양동 676번지 6호,14001,37.3993580,126.9203704,,192882.648661126    ,433041.395887323    ,대규모점포
안양시,롯데쇼핑(주)롯데슈퍼 안양점,2011-09-02,,1,정상영업,,031-464-5603,1365.5,430-842,경기도 안양시 만안구 안양로329번길 108 (안양동),경기도 안양시 만안구 안양3동 900번지 10호 101,430-013,37.4013274083,126.9131289596,복합쇼핑몰,192239.486759078    ,433247.024065133    ,준대규모점포
안양시,홈플러스(주) 평촌점,2008-07-10,,1,정상영업,,0314708000,6389.5,14046,"경기도 안양시 동안구 동안로 162 (비산동, 홈플러스)",경기도 안양시 동안구 비산동 1109번지 3호,14046,37.3932681230,126.9504276328,복합쇼핑몰,195583.711564712    ,432382.548041467    ,대규모점포
안양시,역전지하상가,19860624,,1,정상영업,,031 4669111,,,경기도 안양시 만안구 예술공원로64번길 27 (안양동),경기도 안양시만안구 안양동 41번지 5호   ,13958,37.4138537,126.9183100,,192702.433048525    ,434651.273452969    ,
안양시,석수시장,19790929,,1,정상영업,,031 4731155,,,,경기도 안양시만안구 석수동 387번지 288호   ,,,,,,,
안양시,홈플러스(주)익스프레스 안양점,2012-02-02,,1,정상영업,,0314658543,232.7,430-827,경기도 안양시 만안구 냉천로 7 (안양동),경기도 안양시 만안구 안양8동 559번지 2호,430-827,37.3824950544,126.9291461582,구분없음,,,준대규모점포
안양시,롯데쇼핑(주)롯데백화점 평촌점,20120327,,1,정상영업,,031-450-2500,53803.33,14073,"경기도 안양시 동안구 시민대로 180 (호계동, G.SQURE)","경기도 안양시 동안구 호계동 1039번지 1039, 1039-1, 1053-1",14073,37.3899508706,126.9503840690,쇼핑센터,195544.974046367    ,432016.783362963    ,대규모점포
안양시,(주)현대종합시장상가,19801030,,1,정상영업,,031 4565235,,,경기도 안양시 동안구 흥안대로133번길 34 (호계동),경기도 안양시동안구 호계동 997호   ,14112,37.3724745,126.9592023,,196320.375577898    ,430054.379092349    ,
안양시,육동시장,19880604,,1,정상영업,,031 4490481,,,경기도 안양시 만안구 수리산로47번길 38 (안양동),경기도 안양시만안구 안양동 434번지 3   호   ,14033,37.3905255,126.9301706,,,,
안양시,주식회사 부방유통,2005-12-29,,1,정상영업,,0313803353,8992.69,13954,"경기도 안양시 동안구 관악대로 104, 부방유통 (비산동)",경기도 안양시 동안구 비산동 411-8 부방유통,13954,37.3983346986,126.9353077463,대형마트,,,대규모점포
안양시,안양중앙지하도 상가,19791123,,1,정상영업,,031 468 7814,1266,,,경기도 안양시만안구 안양동 1189번지 1호,13992,37.3965500,126.9250376,,193015.259430447    ,432772.614725449    ,
안양시,샤크존,20010316,,1,정상영업,,031 3456903,,,경기도 안양시 동안구 평촌대로243번길 30 (비산동),경기도 안양시동안구 비산동 1110번지 1호   ,14047,37.3927448,126.9529796,,195769.966943865    ,432304.250823794    ,
안양시,안양국제유통단지,20010315,,1,정상영업,,031 479 3000,108067,431763,"경기도 안양시 동안구 엘에스로 92 (호계동, 안양국제유통단지)",경기도 안양시 동안구 호계동 555번지 9호,431763,37.3715256,126.9520679,,195688.283833074    ,429949.927814167    ,대규모점포
안양시,홈플러스(주)익스프레스 안양석수점,2011-12-29,,1,정상영업,,0314738562,302.27,430-853,경기도 안양시 만안구 충훈로 88 (석수동),경기도 안양시 만안구 석수3동 787번지 3호,430-853,37.4078445118,126.8988182145,복합쇼핑몰,,,준대규모점포
안양시,안양중앙시장,19611106,,1,정상영업,,031 4496047,,,경기도 안양시 만안구 냉천로 196 (안양동),경기도 안양시만안구 안양동 676번지 44호   ,14001,37.3975283,126.9195367,,192810.507319809    ,432838.630860008    ,
안양시,(주)뉴코아아울렛 평촌점,1999-07-22,,1,정상영업,,031-380-7536,41816,431-080,경기도 안양시 동안구 동안로 119 (호계동),경기도 안양시동안구 호계동 1039번지 3호,14073,37.3892156001,126.9512140946,복합쇼핑몰,195607.793974827    ,431900.704084955    ,대규모점포
안양시,(주)이마트평촌점,2002-08-29,,1,정상영업,,031 687 1052,10130,431-815,경기도 안양시 동안구 시민대로 300 (관양동),경기도 안양시동안구 관양동 1608번지 3호,431-060,37.3949065751,126.9637241704,대형마트,196752.332727486    ,432521.042909087    ,대규모점포
안양시,GS THE FRESH 안양어반포레점,2025-07-29,,1,정상영업,,,181.02,14029,"경기도 안양시 만안구 냉천로 125, 3단지 상가 112~115호 (안양동, 안양어반포레자연앤이편한세상 3단지)",경기도 안양시 만안구 안양동 618-12 안양어반포레자연앤이편한세상 3단지,14029,37.3909504313,126.9218294191,구분없음,,,준대규모점포
안양시,(주)지에스리테일 GS수퍼 안양메가트리아점,2017-06-23,,1,정상영업,,031-469-8310,893.16,14037,"경기도 안양시 만안구 태평로52번길 21, 지층 B103, B104호 (안양동)",경기도 안양시 만안구 안양동 1391,14037,37.3955263732,126.9304934351,구분없음,,,준대규모점포
안양시,GS THE FRESH 안양비산점,2022-04-08,,1,정상영업,,02-2006-2678,214.87,,,경기도 안양시 동안구 비산동 515-2 평촌자이아이파크 상가2동 부출입구 1층 101~103호,13916,,,구분없음,,,준대규모점포
안양시,(주)이마트에브리데이 안양관양점,2021-11-19,,1,정상영업,,0313600835,372.98,13928,"경기도 안양시 동안구 동편로 136, 1층 101호 (관양동)",경기도 안양시 동안구 관양동 1677,13928,37.4101280034,126.9671073287,구분없음,197012.120870214    ,434228.188247172    ,준대규모점포
안양시,(주)엔터식스패션쇼핑몰 안양점,20190814,,1,정상영업,,031-5177-6000,23631.23,13992,경기도 안양시 만안구 만안로 232 (안양동),경기도 안양시 만안구 안양동 88번지 1호,13992,37.4014300883,126.9230030459,백화점,192853.773549937    ,433662.376829068    ,대규모점포
안양시,GS THE FRESH 안양호계점,2021-09-29,,1,정상영업,,02-2006-2364,296.15,14126,"경기도 안양시 동안구 경수대로 428, 덕유파크 1층 101~106, 126호 (호계동)",경기도 안양시 동안구 호계동 873 덕유파크,14126,37.3622442111,126.9624999400,구분없음,196609.75025329     ,428912.306681884    ,준대규모점포
안양시,청원시장,19760614,,1,정상영업,,031 4496498,,,경기도 안양시 만안구 안양로360번길 16 (안양동),경기도 안양시만안구 안양동 688번지 17 호   ,13991,37.4036904,126.9184005,,,,
안양시,이천일아울렛 안양점,1997-12-16,,1,정상영업,,031 4492001,8174,,경기도 안양시 만안구 안양로 275 (안양동),경기도 안양시만안구 안양동 627번지 287호,13997,37.3967322514,126.9226549374,쇼핑센터,,,대규모점포
안양시,GS THE FRESH 평촌어바인점,2021-04-06,,1,정상영업,,02-2006-2364,196.8,14115,"경기도 안양시 동안구 경수대로 579, 상가1동 1층 108,109,110,111호 (호계동)",경기도 안양시 동안구 호계동 956,14116,37.3742946415,126.9563714356,구분없음,196005.904356339    ,429975.539293307    ,준대규모점포
양주시,리치마트 양주점,1997-04-26,,1,정상영업,,031-864-7200,7154.16,482-050,경기도 양주시 평화로1413번길 48 (덕계동),경기도 양주시 덕계동 694호,11442,37.8168103077,127.0439326962,대형마트,203707.728341001    ,479401.14588968     ,대규모점포
양주시,골드마트,2005-01-12,,1,정상영업,,,8925.62,482-170,경기도 양주시 평화로 1547 (회정동),경기도 양주시 회정동 351번지 2호 외 2필지,11439,37.8275510901,127.0525935524,대형마트,204558.385732362    ,480550.606085097    ,대규모점포
양주시,(주)이마트 양주점,2004-06-07,,1,정상영업,,031-860-0123,8889.61,482-170,경기도 양주시 평화로 1713 (회정동),경기도 양주시 회정동 98번지 5호,11435,37.8417696599,127.0538942524,대형마트,,,대규모점포
양주시,(주)LF네트웍스 양주점,20130222,,1,정상영업,,031-894-2500,24798,482170,경기도 양주시 평화로 1593 (회정동),경기도 양주시 회정동 453번지 19호,482170,37.8313130,127.0522943,쇼핑센터,204539.305721776    ,480980.761356539    ,대규모점포
양평군,롯데쇼핑(주)롯데마트 경기양평점,2018-03-07,,1,정상영업,,02-2145-8000,6085.75,476-801,경기도 양평군 남북로 76-0,경기도 양평군 양평읍 공흥리 468번지 33호,476-801,37.4894690586,127.5026357032,그 밖의 대규모점포,244381.267486222    ,443145.649076961    ,대규모점포
여주시,(주)신세계사이먼 여주점,2007-05-22,,1,정상영업,,031 880 1242,53948,469-801,경기도 여주시 명품로 360,경기도 여주시 상거동 15-1번지,12646,37.2406600157,127.6122725791,전문점,254263.945020146    ,415664.62885435     ,대규모점포
여주시,(주)이마트 여주점,2007-11-20,,1,정상영업,,031 887 6052,7955.23,469-806,경기도 여주시 세종로 151,경기도 여주시 홍문동 384-1번지 외 9필지,469-806,37.2842633963,127.6356666470,복합쇼핑몰,256448.248498212    ,420406.438944007    ,대규모점포
여주시,노브랜드 여주한글시장점,2017-09-18,,1,정상영업,,02-380-9461,339.14,12622,"경기도 여주시 세종로14번길 18 (창동, 여주중앙프라자)",경기도 여주시 창동 68번지 여주중앙프라자,12622,37.2973974345,127.6350809464,전문점,256240.063248575    ,421904.586508473    ,준대규모점포
연천군,롯데슈퍼전곡점,2012-04-27,,1,정상영업,,031-832-6981,1526.95,486-903,경기도 연천군 전곡읍 전곡로 187-1,경기도 연천군 전곡읍 은대리 566번지,11028,38.0282034881,127.0662909397,그 밖의 대규모점포,205749.023512098    ,502827.430494496    ,준대규모점포
연천군,전곡재래시장,20210106,,1,정상영업,,031-832-2361,4560,11033,"경기도 연천군 전곡읍 전곡로172번길 4-19, 경기도상인연합회연천군전곡지부",경기도 연천군 전곡읍 전곡리 479-31 경기도상인연합회연천군전곡지부,11033,38.0270658075,127.0681776531,시장,205910.965620591    ,502699.168905672    ,대규모점포
오산시,오산 원동 상점가,2021-04-22,,1,정상영업,,,0,18141,경기도 오산시 원동로37번길 27 (원동),경기도 오산시 원동 773-1,18141,37.1445939436,127.0708810056,구분없음,206226.32427256     ,404756.266645655    ,대규모점포
오산시,롯데쇼핑(주)롯데마트,2025-05-01,,1,정상영업,,031-371-2501,8575,18135,"경기도 오산시 경기대로 271, 롯데마트오산점 (오산동)",경기도 오산시 오산동 868 롯데마트오산점,18135,37.1494423257,127.0730382398,대형마트,206416.225089197    ,405292.957866229    ,대규모점포
오산시,홈플러스(주)오산점,2012-11-12,,1,정상영업,,03180778924,19241.74,,경기도 오산시 청학로 238 (수청동),경기도 오산시 수청동 610번지,447-290,37.1700616347,127.0617934023,대형마트,205417.553946702    ,407590.511508128    ,대규모점포
오산시,롯데쇼핑(주) 롯데마트 오산점,2002-09-06,,1,정상영업,,371 2612/371-2520,8575,447-801,경기도 오산시 경기대로 271 (오산동),경기도 오산시 오산동 868호,18135,37.1494423257,127.0730382398,대형마트,206416.225089197    ,405292.957866229    ,대규모점포
오산시,롯데쇼핑(주)롯데슈퍼 오산점,2011-11-28,,1,정상영업,,031-375-5602,427.7,447-802,경기도 오산시 대원로15번길 17 (오산동),경기도 오산시 오산동 877번지 21호,447-802,37.1478894995,127.0698827021,구분없음,206134.694133401    ,405121.782352674    ,준대규모점포
오산시,모다아울렛 B동 오산점,2012-06-13,,1,정상영업,,031-831-3712,3383.28,,경기도 오산시 경기대로 822-22 (외삼미동),경기도 오산시 외삼미동 562번지 10호,447-230,37.1919167596,127.0463549200,전문점,204020.411719317    ,410030.536433244    ,대규모점포
오산시,(주)이마트 오산점,2005-11-17,,1,정상영업,,031 369 7052,11742,447-060,경기도 오산시 경기대로 181 (원동),경기도 오산시 원동 360번지 6호,447-060,37.1406613919,127.0727160262,그 밖의 대규모점포,206383.775609107    ,404319.688193021    ,대규모점포
오산시,모다아울렛 A동 오산점,2013-12-30,,1,정상영업,,031-8043-4492,4779.04,447-230,경기도 오산시 경기대로 822-30 (외삼미동),경기도 오산시 외삼미동 562번지 30호,447-230,37.1923387273,127.0459129699,전문점,204020.411719317    ,410030.536433244    ,대규모점포
용인시,수원프리미엄아울렛,2018-02-22,,1,정상영업,,031-204-2006,10202.07,16956,"경기도 용인시 기흥구 중부대로 64, 영통프리미엄아울렛 (영덕동)",경기도 용인시 기흥구 영덕동 517번지 1호 영통프리미엄아울렛,16956,37.2666002164,127.0762010419,전문점,206698.825871309    ,418302.265469101    ,대규모점포
용인시,애경자산관리(주)AK기흥,20180618,,1,정상영업,,031-5186-6508,29521,17065,"경기도 용인시 기흥구 기흥역로 63(구갈동, 힐스테이트 기흥)",경기도 용인시 기흥구 구갈동 234-3,17065,37.2753320059,127.1177629244,쇼핑센터,210376.769370599    ,419169.265567059    ,대규모점포
용인시,리빙파워센터,20191129,,1,정상영업,,02-6263-7500,47573,17086,경기도 용인시 기흥구 신고매로 59 (고매동),경기도 용인시 기흥구 고매동 271번지,17086,37.2234180272,127.1142489591,전문점,210056.472299843    ,413528.163023037    ,대규모점포
용인시,정동마트,2021-12-02,,1,정상영업,,031-335-8808,4106.09,17149,경기도 용인시 처인구 고림로 206(고림동),경기도 용인시 처인구 고림동 599-8,17149,37.2495211296,127.2232777146,대형마트,219741.52429013     ,416424.828522115    ,대규모점포
용인시,느티나무마트,2023-04-17,,1,정상영업,,031-265-3555,4305.19,,경기도 용인시 수지구 수지로 29,경기도 용인시 수지구 상현동 166-8,16863,37.3060469401,127.0741855600,대형마트,206535.42430122     ,422654.398675024    ,대규모점포
용인시,세영산업주식회사,2022-03-25,,1,정상영업,,,4099.6,17158,경기도 용인시 처인구 양지면 죽양대로 2309,경기도 용인시 처인구 양지면 양지리 112,17158,37.2336974173,127.2969067220,전문점,226267.419758712    ,414698.939838046    ,대규모점포
용인시,링크맘,2024-05-20,,1,정상영업,,07052281224,8528.19,16995,경기도 용인시 기흥구 동백죽전대로175번길 6 (중동),경기도 용인시 기흥구 중동 31-5,16995,37.2576414893,127.1604458626,전문점,214120.476410312    ,417325.614126043    ,대규모점포
용인시,더팩토리 아울렛,2025-06-18,,1,정상영업,,031-202-1623,4901.29,17100,경기도 용인시 기흥구 공세로 202 (공세동),경기도 용인시 기흥구 공세동 359-2,17100,37.2392081721,127.1026123277,전문점,209055.326991917    ,415283.591517845    ,대규모점포
용인시,(주)이마트 스타필드 마켓 죽전점,2005-09-02,,1,정상영업,,003108881052,13659.57,448-703,경기도 용인시 수지구 포은대로 552 (죽전동),경기도 용인시 수지구 죽전1동 1282번지,448-811,37.3253249176,127.1100038667,대형마트,209673.343954233    ,424823.677745145    ,대규모점포
용인시,(주)이마트 수지점,2005-04-11,,1,정상영업,,003102701052,11448.84,448-150,경기도 용인시 수지구 수지로 203 (신봉동),경기도 용인시수지구 신봉동 909호,16845,37.3197625692,127.0833291279,대형마트,207318.572861803    ,424204.581779995    ,대규모점포
용인시,쥬네브썬월드,2007-08-13,,1,정상영업,,679-0001,14835.21,446-528,경기도 용인시 기흥구 동백죽전대로 444 (중동),경기도 용인시 기흥구 중동 833번지,446-528,37.2779963615,127.1515897965,쇼핑센터,213383.977793755    ,419575.34117754     ,대규모점포
용인시,죽전패션타운,20060214,,1,정상영업,,031 2660455,0,448160,경기도 용인시 수지구 용구대로 2729 (죽전동),경기도 용인시수지구 죽전동 1003번지 13호,16869,37.3295112,127.1083234,그 밖의 대규모점포,209534.187101767    ,425290.470966381    ,대규모점포
용인시,롯데프리미엄아울렛 기흥점,2018-06-15,,1,정상영업,,031-8036-3073,49115,17087,경기도 용인시 기흥구 신고매로 124 (고매동),경기도 용인시 기흥구 고매동 280번지,17087,37.2254498143,127.1209568881,복합쇼핑몰,210547.479033545    ,413684.298426578    ,대규모점포
용인시,롯데슈퍼 용인점,2012-01-18,,1,정상영업,,0313385601,1872,449-924,경기도 용인시 처인구 백옥대로 1066 (김량장동),경기도 용인시 처인구 김량장동 13번지,449-924,37.2306151558,127.2104842393,복합쇼핑몰,218609.119199767    ,414323.727786853    ,준대규모점포
용인시,롯데몰 용인점,20160801,,1,정상영업,,0312815400,46783.58,16847,경기도 용인시 수지구 심곡로 121 (성복동),경기도 용인시 수지구 성복동 23번지,,37.3126818313,127.0833019523,쇼핑센터,207318.042334319    ,423419.669053528    ,대규모점포
용인시,(주)이마트 보라점,2008-10-31,,1,정상영업,,003180091051,7116.1,446-904,경기도 용인시 기흥구 한보라1로 92 (보라동),경기도 용인시 기흥구 보라동 623번지 1호,446-904,37.2475093564,127.1050944654,대형마트,209257.142312204    ,416191.247743094    ,대규모점포
용인시,(주)이마트 흥덕점,2009-07-14,,1,정상영업,,031-802-11051,9170.24,446-908,경기도 용인시 기흥구 흥덕중앙로 60 (영덕동),경기도 용인시 기흥구 영덕동 985번지 3호,446-908,37.2757570895,127.0733297742,대형마트,206434.251915465    ,419314.165365317    ,대규모점포
용인시,코스트코홀세일 공세점,20130103,,1,정상영업,,031 289 5602,13960.94,446902,경기도 용인시 기흥구  탑실로  38 (공세동),경기도 용인시 기흥구 공세동 734-1번지,17084,37.2381557,127.1088835,대형마트,209684              ,415161              ,대규모점포
용인시,(주)이마트 용인점,2005-11-22,,1,정상영업,,003103261052,6252.59,449-933,경기도 용인시 처인구 명지로 53 (역북동),경기도 용인시처인구 역북동 586-6 외 1필지호,17057,37.2314895326,127.1891519966,대형마트,216717.733040208    ,414404.502750642    ,대규모점포
용인시,트레이더스 홀세일 클럽 구성점,2005-05-12,,1,정상영업,,003103271234,10715,446-855,경기도 용인시 기흥구 용구대로 2457 (보정동),경기도 용인시기흥구 보정동 1019번지 237호,16907,37.3039712756,127.1046527186,대형마트,209271.840918768    ,422612.412300721    ,대규모점포
용인시,(주)지에스리테일 용인점,2011-11-02,,1,정상영업,,031-337-2033,1310.47,449-925,경기도 용인시 처인구 금령로55번길 12 (김량장동),경기도 용인시 처인구 김량장동 254번지 1호,449-925,37.2360136672,127.2028424542,구분없음,217932.238250672    ,414910.46176146     ,준대규모점포
용인시,(주)농협유통하나로클럽 용인점,2008-03-28,,1,정상영업,,031-289-0604,4292.69,446-519,경기도 용인시 기흥구 중부대로 682 (상하동),경기도 용인시기흥구 상하동 351번지,446-516,37.2660505356,127.1358438915,대형마트,211994.061448131    ,418246.880193391    ,대규모점포
용인시,"(주)천우산업개발 역북패션아울렛, 마트",20160801,,1,정상영업,,0234535117,23126.86,,,경기도 용인시 처인구 역북동 역북지구 복합용지 1,,,,쇼핑센터,,,대규모점포
용인시,(주)이마트 동백점,2006-07-18,,1,정상영업,,003105461052,6797.48,446-765,경기도 용인시 기흥구 동백죽전대로 444 (중동),경기도 용인시 기흥구 중동 833번지,446-528,37.2779963615,127.1515897965,대형마트,213383.977793755    ,419575.34117754     ,대규모점포
용인시,한섬 패션웨어하우스,20150528,,1,정상영업,,031-285-4724,5766.11,446902,경기도 용인시 기흥구 공세로 186 (공세동),경기도 용인시 기흥구 공세동,446902,37.2388069303,127.1039222484,전문점,209152.515479473    ,415220.552095002    ,대규모점포
용인시,(주) 신세계 사우스시티,2009-11-09,,1,정상영업,,695-1043,50586,448-702,경기도 용인시 수지구 포은대로 536 (죽전동),경기도 용인시 수지구 죽전2동 (주)신세계백화점죽전점,448-702,37.3247467070,127.1068803309,백화점,209514.367988403    ,424782.528523847    ,대규모점포
용인시,롯데쇼핑(주) 롯데마트 신갈점,2012-05-04,,1,정상영업,,02-2145-8470,15152.38,446-597,경기도 용인시 기흥구 신갈로58번길 16 (신갈동),경기도 용인시 기흥구 신갈동 62번지,446-597,37.2721627508,127.1074453924,대형마트,209459.248962457    ,418917.232336063    ,대규모점포
용인시,(주)에프앤에프용인,20031231,,1,정상영업,,031 2666071,3006.71,448160,경기도 용인시 수지구 용구대로 2725 (죽전동),경기도 용인시수지구 죽전동 1003-175호,16869,37.3286730,127.1086043,전문점,209558.525287448    ,425199.371548382    ,대규모점포
용인시,이케아 기흥점,2019-08-12,,1,정상영업,,02-310-8700,24775.89,17086,"경기도 용인시 기흥구 신고매로 62, IKEA Korea 기흥점 (고매동)",경기도 용인시 기흥구 고매동 산 41-7 IKEA Korea 기흥점,17086,37.2226672688,127.1162253586,전문점,210247.571320786    ,413380.673935188    ,대규모점포
의왕시,롯데쇼핑(주) 프리미엄아울렛 의왕점,2019-12-04,,1,정상영업,,031-8064-2732,49011.79,16016,경기도 의왕시 바라산로 1 (학의동),경기도 의왕시 학의동 1039 롯데프리미엄아울렛 타임빌라스,16016,37.3758162701,127.0095923119,쇼핑센터,200775.6096513      ,430435.021970577    ,대규모점포
의왕시,(주)이마트 의왕점,2012-04-13,,1,정상영업,,02   3809461,9875.45,16058,"경기도 의왕시 경수대로 262, 지하5층~지상1층 (오전동, 의왕서해그랑블(블루스퀘어))",경기도 의왕시 오전동 892 의왕서해그랑블(블루스퀘어),16058,37.3501161338,126.9735159387,대형마트,197590.089971229    ,427590.743059589    ,대규모점포
의왕시,롯데쇼핑(주) 롯데마트 의왕점,2002-06-17,,1,정상영업,,031 471 2521,11672,437-081,"경기도 의왕시 계원대학로 7 (내손동, 롯데마트)",경기도 의왕시 내손동 743호,16036,37.3805799212,126.9728964085,대형마트,197598.213989563    ,430907.769943711    ,대규모점포
의정부시,애비뉴모나코,2019-07-29,,1,정상영업,,,8625.06,11813,"경기도 의정부시 오목로 196, 민락2지구 제일풍경채 센텀-애비뉴모나코 (민락동)",경기도 의정부시 민락동 803 민락2지구 제일풍경채 센텀-애비뉴모나코,11813,37.7437873999,127.0989539220,그 밖의 대규모점포,208627.776413231    ,471251.468626339    ,대규모점포
의정부시,GS THE FRESH 의정부센트럴점,2024-09-06,,1,정상영업,,,143.5,11699,"경기도 의정부시 경의로 132, 상가 c동 1층 101~105,115호 (의정부동, 의정부역센트럴자이&위브캐슬)",경기도 의정부시 의정부동 724 의정부역센트럴자이&위브캐슬,11699,37.7308686363,127.0507019464,구분없음,204368.427119001    ,469951.268772564    ,준대규모점포
의정부시,홈플러스의정부점,2003-04-16,,1,정상영업,,031-850-8000,32677.65,480-865,경기도 의정부시 청사로 38 (금오동),경기도 의정부시 금오동 475번지 1호,11757,37.7521704799,127.0710175592,복합쇼핑몰,206192.090833323    ,472186.18249487     ,대규모점포
의정부시,이마트 의정부점,2012-03-20,,1,정상영업,,850-1251,13784.64,11814,"경기도 의정부시 민락로 210 (민락동, 이마트)",경기도 의정부시 민락동 849번지,11814,37.7431860471,127.1023622658,대형마트,208951.542114843    ,471192.156816017    ,대규모점포
의정부시,롯데슈퍼 신곡점,2012-03-20,,1,정상영업,,031 843 3584,1318.5,480-832,경기도 의정부시 동일로 583 (신곡동),경기도 의정부시 신곡동 560번지,480-071,37.7401108027,127.0564118112,복합쇼핑몰,204869.561341151    ,470861.966898254    ,준대규모점포
의정부시,롯데쇼핑(주) 롯데슈퍼 가능역점,20120514,,1,정상영업,,031-856-5612,211.57,,경기도 의정부시 평화로 635 (의정부동),경기도 의정부시 의정부1동 235번지 17호,480844,37.7486653842,127.0448620381,구분없음,203877.860464049    ,471799.285751954    ,준대규모점포
의정부시,롯데마트장암점,2006-12-27,,1,정상영업,,031 849-2520,6406.64,480-030,경기도 의정부시 장곡로 224 (장암동),경기도 의정부시 장암동 38번지 10  호,11722,37.7236760151,127.0530602539,그 밖의 대규모점포,204630.543411273    ,469034.163890834    ,대규모점포
의정부시,롯데쇼핑(주) 마그넷 의정부점,20001207,,1,정상영업,,031 8502511,9734.6,,경기도 의정부시 산단로76번길 116 (용현동),경기도 의정부시 용현동 527번지 1호   ,11787,37.7427411,127.0842073,대형마트,207357.633104922    ,471153.493650556    ,
의정부시,(사)의정부제일시장번영회,1976-06-01,,1,정상영업,,031-846-2617,11800,480-852,경기도 의정부시 태평로73번길 20 (의정부동),경기도 의정부시 의정부1동 160번지,480-842,37.7394019398,127.0501169382,시장,204373.018448625    ,470811.577589593    ,대규모점포
의정부시,코스트코 홀세일 의정부점,20130724,,1,정상영업,,0318503300,13503.11,480090,경기도 의정부시 용민로489번길 9 (민락동),경기도 의정부시 민락동 903번지,11815,37.7512349,127.1191197,대형마트,210434.566999847    ,472099.165269005    ,대규모점포
의정부시,(주)신세계 의정부점,2011-11-09,,1,정상영업,,031-8082-1042,51672.88,480-852,경기도 의정부시 평화로 525 (의정부동),경기도 의정부시 의정부2동 168번지 54호 외 7필지,480-852,37.7379343921,127.0458357050,복합쇼핑몰,204011.301931196    ,470564.015529834    ,대규모점포
의정부시,의정부역지하상가,1996-05-11,,1,정상영업,,031-870-8704,8309.93,11696,"경기도 의정부시 시민로 지하 100 (의정부동, 의정부지하상가)",경기도 의정부시 의정부동 495번지,11696,37.7388956655,127.0473620357,복합쇼핑몰,203896.021836361    ,470661.250530153    ,대규모점포
이천시,이천 롯데프리미엄 아울렛,2013-08-06,,1,정상영업,,031-640-0521,69930,467-821,경기도 이천시 호법면 프리미엄아울렛로 177-74,경기도 이천시 호법면 단천리 산 48번지 1호,467-821,37.2423205807,127.3999920575,복합쇼핑몰,235461.813044175    ,415640.639277805    ,대규모점포
이천시,(주)프라자2000,19990913,,1,정상영업,,031 3671677,,,경기도 이천시 중리천로 98 (중리동),경기도 이천시 중리동 220호   ,17373,37.2775531,127.4477983,그 밖의 대규모점포,239629.266702268    ,419598.835872292    ,
이천시,(주)이마트에브리데이(이천점),2012-06-26,,1,정상영업,,031-638-0017,1282,17375,경기도 이천시 중리천로 18 (중리동),경기도 이천시 중리동 21-1,17375,37.2799811004,127.4398299920,구분없음,238934.316946629    ,419876.035365793    ,준대규모점포
이천시,(주)이마트에브리데이 이천갈산점,2016-07-07,,1,정상영업,,031-8011-2021,772.08,17359,경기도 이천시 안흥로 70 (갈산동),경기도 이천시 갈산동 602번지,17359,37.2840622948,127.4553382286,구분없음,240306.158458325    ,420332.156379018    ,준대규모점포
이천시,(주)이마트에브리데이 이천부발점,2025-03-04,,1,정상영업,,02-380-5060,0,17328,"경기도 이천시 부발읍 경충대로 2269, 롯데프라자 1층",경기도 이천시 부발읍 신하리 399-1 롯데프라자,17328,37.2610552034,127.4745350978,구분없음,242016.421941572    ,417771.647304977    ,준대규모점포
이천시,(주)이마트에브리데이(이천점),2012-06-26,,1,정상영업,,031-638-0017,1282,467-808,경기도 이천시 중리천로 18 (중리동),경기도 이천시 중리동 21번지 1호,467-808,37.2799811004,127.4398299920,구분없음,238934.316946629    ,419876.035365793    ,준대규모점포
이천시,(주)이랜드리테일NC이천점,2013-10-30,,1,정상영업,,031-633-6898,14628,467-804,경기도 이천시 영창로 165 (창전동),경기도 이천시 창전동 152번지 5호,467-804,37.2819377843,127.4411144413,쇼핑센터,239066.829966423    ,420094.84719581     ,대규모점포
이천시,(주)노브랜드 이천안흥점,20170920,,1,정상영업,,031-638-8312,344,17371,경기도 이천시 영창로 290 (안흥동),경기도 이천시 안흥동 353번지 6호,17371,37.2807990785,127.4549453361,구분없음,240274.674064413    ,419969.69866586     ,준대규모점포
이천시,(주)이마트이천점,2000-05-22,,1,정상영업,,031 644 8053,8879,467-110,경기도 이천시 이섭대천로 1440-50 (증포동),경기도 이천시 증포동 47-4번지 13호,17348,37.2939790459,127.4591120250,복합쇼핑몰,240622.258190291    ,421449.129399305    ,대규모점포
이천시,롯데쇼핑(주) 롯데마트 이천점,2014-12-17,,1,정상영업,,,14460.81,17372,"경기도 이천시 구만리로 191 (안흥동, 롯데캐슬 골드스카이)",경기도 이천시 안흥동 474번지 롯데캐슬 골드스카이,17372,37.2748947727,127.4545991839,대형마트,240254.30365186     ,419284.62693122     ,대규모점포
이천시,롯데쇼핑(주) 롯데슈퍼 송정점,20090912,,1,정상영업,,031-638-5601,0,17344,경기도 이천시 증신로291번길 82 (송정동),경기도 이천시 송정동 317번지 3호,17344,37.2965646430,127.4356533781,구분없음,238563.750432498    ,421703.583393763    ,준대규모점포
이천시,서전타운,19960325,,1,정상영업,,031 6371864,,,,경기도 이천시 부발읍 아미리 1006-3호   ,17332,,,그 밖의 대규모점포,,,
파주시,(주)신세계사이먼 파주점,20100917,,1,정상영업,,031-8071-7001,52503,,경기도 파주시 탄현면 필승로 200,경기도 파주시 탄현면 법흥리 1790번지 8호,413841,37.7693560552,126.6965126169,전문점,173172.828879481    ,474158.9428211      ,대규모점포
파주시,(주)이마트 파주운정점,2010-12-09,,1,정상영업,,031941 2150,10417.88,413-100,경기도 파주시 한울로 123 (동패동),경기도 파주시 동패동 1763번지,413-100,37.7103889772,126.7450715864,대형마트,177453.945515036    ,467576.438594292    ,대규모점포
파주시,문산시장,19920617,,1,정상영업,,031 9522438,285.75,413904,경기도 파주시 문산읍 문산로26번길 14,경기도 파주시 문산읍 문산리 10-92호,10823,37.8567203,126.7816543,그 밖의 대규모점포,180721.240886153    ,483823.915592572    ,준대규모점포
파주시,롯데프리미엄아울렛파주점,20111026,,1,정상영업,,031009603150,36314,413120,경기도 회동길 390,경기도 파주시 문발동 104번지 1호 외,413120,,,복합쇼핑몰,172999.56240000000  ,468723.82280800000  ,대규모점포
파주시,청도훼미리코아,19930128,,1,정상영업,,031 9533860,,,경기도 파주시 문산읍 문산역로 107 (문산리),경기도 파주시 문산읍 문산리 17-25호   ,10824,37.8556574,126.7866231,그 밖의 대규모점포,,,
파주시,이마트에브리데이 팜스프링점,2012-05-23,,1,정상영업,,031-948-9489,980.75,10850,경기도 파주시 시청로 190 (아동동),경기도 파주시 아동동 275-6번지,10850,37.7706946851,126.7779996543,구분없음,180355.254248507    ,474266.843537213    ,준대규모점포
파주시,팜스프링상가,20000915,,1,정상영업,,,10000,413809,경기도 파주시 송화로 13 (금촌동),경기도 파주시 아동동 산6-1호,,,,그 밖의 대규모점포,180319.716425656    ,474672.162897883    ,대규모점포
파주시,팜스프링상가,19990416,,1,정상영업,,031 9431231,,,,경기도 파주시 금촌동 5-1호   ,,,,그 밖의 대규모점포,,,
파주시,금촌타워상가,19980612,,1,정상영업,,031 9459910,7737.81,413826,경기도 파주시 중앙로 308 (금촌동),경기도 파주시 금촌동 52-39호,10930,37.7632810,126.7756230,그 밖의 대규모점포,180164.400733412    ,473454.182060402    ,대규모점포
파주시,(주)이마트파주점,2010-03-24,,1,정상영업,,031-950-1053,9184.17,413-090,경기도 파주시 당하길 10 (당하동),경기도 파주시 교하읍 야당1리 195번지 5호,413-835,37.7469662690,126.7510452244,대형마트,178030.82794167     ,471632.260930404    ,대규모점포
파주시,금촌신시장,19950512,,1,정상영업,,031 9412723,,,경기도 파주시 금정로 84 (금촌동),경기도 파주시 금촌동 64-60호   ,10929,37.7621769,126.7730957,그 밖의 대규모점포,,,
파주시,신세계 이마트 파주점,20050331,,1,정상영업,,031 950 1234,0,,경기도 파주시 당하길 10,경기도 파주시 교하읍 당하리 195번지 5호,10866,37.7469662690,126.7510452244,대형마트,,,대규모점포
파주시,롯데프리미엄아울렛파주점,2025-07-16,,1,정상영업,,0319603194,36314,10881,"경기도 파주시 회동길 390, 롯데프리미엄아울렛 (문발동)",경기도 파주시 문발동 645 롯데프리미엄아울렛,10881,37.7177916524,126.6937794660,복합쇼핑몰,172931.265518853    ,468411.848859123    ,대규모점포
파주시,이채쇼핑몰,20040920,,1,정상영업,,031 9463742,7776.31,413120,경기도 파주시 문발로 220 (문발동),경기도 파주시 교하읍 문발리 502번지 1호,10881,37.7137335,126.6877216,쇼핑센터,172472.74587000000  ,468285.52415500000  ,대규모점포
파주시,홈플러스(주)파주문산점,2008-09-01,,1,정상영업,,031-960-8000,10326.4,413-901,경기도 파주시 문산읍 방촌로 1759,경기도 파주시 문산읍 당동리 산업단지내 지원시설용지 1-1,413-902,37.8697363281,126.7850270241,대형마트,181002.777532337    ,485203.012122524    ,대규모점포
파주시,더콜로니운정몰,20120627,,1,정상영업,,02-557-8828,34984,,경기도 파주시 청암로17번길 17 (파주운정택지개발지구 F3-8 블럭) (목동동),경기도 파주시 목동동 927번지 (파주운정택지개발지구 F3-8 블럭),10892,37.7294498,126.7367159,쇼핑센터,176725.26242028     ,469706.991119381    ,대규모점포
파주시,이마트에브리데이 광탄점,2012-05-23,,1,정상영업,,031-947-1923,996.6,413-854,경기도 파주시 광탄면 큰여울길 44,경기도 파주시 광탄면 신산리 188번지 11호,413-854,37.7803090909,126.8487099850,구분없음,186601.793372607    ,475319.542751513    ,준대규모점포
평택시,롯데쇼핑(주) 롯데마트 평택점,2009-05-28,,1,정상영업,,031-8053-2521,11450.91,450-020,경기도 평택시 평택5로 30 (합정동),경기도 평택시 합정동 968번지 1호,450-020,36.9883462779,127.1117534348,대형마트,209876.420133429    ,387425.098329575    ,대규모점포
평택시,평택프리미엄아울렛,2021-12-14,,1,정상영업,,0316601000,29652,17787,경기도 평택시 경기대로 945(장당동),경기도 평택시 장당동 154-2,17787,37.0341109043,127.0695807516,전문점,206113.48015676     ,392491.288366379    ,대규모점포
평택시,주)이마트평택점,2001-07-30,,1,정상영업,,031-371-1234,9364,,경기도 평택시 영신로 29 (지제동),경기도 평택시 지제동 50호,17840,37.0211066578,127.0755336861,대형마트,206675.071220529    ,391060.040415712    ,대규모점포
평택시,홈플러스 평택안중,2011-03-28,,1,정상영업,,03180468200,16000,17816,경기도 평택시 안중읍 서동대로 1489,경기도 평택시 안중읍 현화리 산 274번지,17816,36.9902412081,126.9162575207,대형마트,192485.121561252    ,387625.950254015    ,대규모점포
평택시,GS THE FRESH 평택고덕점,2023-12-08,,1,정상영업,,031-667-6479,277,18014,"경기도 평택시 고덕국제3길 143, 101호 (고덕동)",경기도 평택시 고덕동 1956-1,18014,37.0503992231,127.0476372028,구분없음,204166.817716298    ,394301.558793892    ,준대규모점포
평택시,브리티시 고덕,2023-03-28,,1,정상영업,,031-8065-5947,31268.84,18018,"경기도 평택시 고덕국제대로 77 (고덕동, 힐스테이트고덕센트럴)",경기도 평택시 고덕동 2618-3 힐스테이트고덕센트럴,18018,37.0443647011,127.0419041141,그 밖의 대규모점포,203709.243236458    ,393590.810761107    ,대규모점포
평택시,(주)지에스리테일 평택이충점,2012-05-14,,1,정상영업,,617-9001,1213.47,459-030,경기도 평택시 이충로35번길 28-22 (이충동),경기도 평택시 이충동 667번지,459-030,37.0598605043,127.0659485436,그 밖의 대규모점포,205796.899262265    ,395351.975127968    ,준대규모점포
평택시,AK PLAZA 평택점,2009-04-22,,1,정상영업,,031-615-1296,31750,450-827,경기도 평택시 평택로 51 (평택동),경기도 평택시 평택동 185번지 568호,450-827,36.9919006082,127.0832927297,백화점,207523.442711596    ,387674.877266816    ,대규모점포
평택시,엠프라자,20070626,,1,정상영업,,031 6526644,12090.32,450010,경기도 평택시 중앙로 46 (평택동),경기도 평택시 평택동 35번지 3호,450010,36.9942489,127.0878969,쇼핑센터,207757.770973839    ,388080.83595037     ,대규모점포
평택시,킴스클럽평택점,19960923,,1,정상영업,,031 6506005,,,경기도 평택시 경기대로 271 (비전동),경기도 평택시 비전동 830-2호   ,17885,36.9949133,127.1127014,대형마트,,,
평택시,뉴코아아울렛평택점,2009-09-29,,1,정상영업,,031 650 6720(6014),14648.42,,경기도 평택시 경기대로 279 (비전동),경기도 평택시 비전동 830번지 1호,450-150,36.9955602360,127.1125034426,복합쇼핑몰,209947.80648191     ,388208.048761482    ,대규모점포
평택시,홈플러스 송탄점,2009-05-29,,1,정상영업,,031 80538000,10343.35,,경기도 평택시 경기대로 1103 (장당동),경기도 평택시 장당동 390번지 1호,459-020,37.0449813307,127.0595333675,대형마트,205228.393696342    ,393704.000108834    ,대규모점포
포천시,홈플러스(주)송우점,2007-03-12,,1,정상영업,,031 540 7121,10845,487-820,경기도 포천시 소흘읍 솔모루로 9,경기도 포천시 소흘읍 송우리 760번지 60호,487-823,37.8243304783,127.1412878644,복합쇼핑몰,212370.178657853    ,480201.182904       ,대규모점포
포천시,롯데쇼핑(주) 롯데슈퍼 포천일동점,2011-10-04,,1,정상영업,,(031)533-5601~4,716.03,487-850,경기도 포천시 일동면 화동로 1072,경기도 포천시 일동면 기산리 82번지 35호,487-851,37.9587528035,127.3190366810,그 밖의 대규모점포,227973.976182363    ,495167.132130244    ,준대규모점포
포천시,홈플러스(주),20070312,,1,정상영업,,031 540-7182,10845,,경기도 포천시 소흘읍 솔모루로 9,경기도 포천시 소흘읍 송우리 730번지 60호,11180,37.8241968,127.1412233,그 밖의 대규모점포,212370.178657853    ,480201.182904       ,
포천시,(주)이마트에브리데이 영북점,2012-03-28,,1,정상영업,,031-532-5327,643.4,487-892,경기도 포천시 영북면 영북로 178,경기도 포천시 영북면 운천리 345번지 6호,487-892,38.0901656506,127.2752189821,구분없음,224070.86410856     ,509736.119699549    ,준대규모점포
포천시,(주)이마트 포천점,2013-01-07,,1,정상영업,,031-540-1201,8889.96,487-030,경기도 포천시 호국로 915 (설운동),경기도 포천시 설운동 2번지,487-030,37.8477493021,127.1604631520,대형마트,214023.590086578    ,482831.746228286    ,대규모점포
하남시,백송한신종합상가,19960124,,1,정상영업,,031 7948660,,,,경기도 하남시 신장동 528-5호   ,12953,37.5394317,127.2177037,대형마트,,,
하남시,신장시장,19770305,,1,정상영업,,031 7922651,,,경기도 하남시 신장1로3번길 69 (신장동),경기도 하남시 신장동 427-159호   ,12957,37.5380392,127.2052311,그 밖의 대규모점포,,,
하남시,현대베스코아,19980924,,1,정상영업,,,,,경기도 하남시 대청로 33 (신장동),경기도 하남시 신장동 523-1호   ,12947,37.5410116,127.2159544,대형마트,,,
하남시,홈플러스(주)하남점,20160201,,1,정상영업,,02-3457-8000,10350,,,경기도 하남시 신장동 747번지,465030,,,대형마트,,,대규모점포
하남시,신안종합상가,19960620,,1,정상영업,,031 7915650,,,,경기도 하남시 창우동 521호   ,12955,37.5367051,127.2256159,대형마트,219875.138844448    ,448305.808523169    ,
하남시,스타필드 시티 위례점,20161031,,1,정상영업,,02-380-9396,45170,13012,"경기도 하남시 위례대로 200, 스타필드시티 위례점 (학암동)",경기도 하남시 학암동 660번지 스타필드시티 위례점,13012,37.4801127045,127.1484593147,쇼핑센터,,,대규모점포
하남시,이마트 하남점,20200610,,1,정상영업,,02-380-5234,14148.62,12927,"경기도 하남시 덕풍서로 70, 하남풍산지구 이마트 (덕풍동)",경기도 하남시 덕풍동 736번지 하남풍산지구 이마트,12927,37.5527737515,127.2053480453,대형마트,218076.91973786     ,450073.163619109    ,대규모점포
하남시,스타필드 하남,2016-04-14,,1,정상영업,,031-796-4254,133515.61,12942,"경기도 하남시 미사대로 750 (신장동, 스타필드하남)",경기도 하남시 신장동 616번지 지역현안사업2지구 내 물류유통시설용지,12942,37.5454181290,127.2237611843,복합쇼핑몰,219699.010520355    ,449270.371200837    ,대규모점포
하남시,(주)지에스리테일 하남점,2011-12-26,,1,정상영업,,031-795-1682,1047,465-030,경기도 하남시 신장1로9번길 74 (신장동),경기도 하남시 신장동 427번지 53호,465-030,37.5390748743,127.2060471621,구분없음,218092.270999261    ,448561.965519817    ,준대규모점포
하남시,이마트 하남점,2008-05-20,,1,정상영업,,02-380-5234,14148.62,465-723,경기도 하남시 덕풍서로 70 (덕풍동),경기도 하남시 덕풍동 736번지,465-010,37.5527737515,127.2053480453,대형마트,218076.91973786     ,450073.163619109    ,대규모점포
하남시,스타필드 시티 위례점,2016-10-31,,1,정상영업,,02-380-9396,45170,465-240,경기도 하남시 위례대로 200 (학암동),경기도 하남시 학암동 660번지,465-240,37.4801127045,127.1484593147,쇼핑센터,213056.041875501    ,441993.377546086    ,대규모점포
하남시,현대상가,19940830,,1,정상영업,,,,,,경기도 하남시 신장동 528호   ,12953,37.5395104,127.2190277,대형마트,219293.47326337     ,448616.30099642     ,
하남시,코스트코 홀세일 하남점,2017-10-25,,1,정상영업,,02-2630-2648,14625.31,12938,"경기도 하남시 미사강변중앙로 40, 코스트코 홀세일 하남점 (풍산동)",경기도 하남시 풍산동 609 코스트코 홀세일 하남점,12938,37.5503650220,127.1938892987,대형마트,217063.768457455    ,449847.097381194    ,대규모점포
하남시,홈플러스(주) 경기하남점,2010-12-07,,1,정상영업,,0317777015,10650,465-030,"경기도 하남시 하남대로 747 (신장동, 홈플러스 하남점)",경기도 하남시 신장1동 570번지,465-821,37.5380094975,127.2126504319,대형마트,218722.326285059    ,448437.965903226    ,대규모점포
화성시,하나로마트 봉담점,2008-12-17,,1,정상영업,,031-8012-6613,5233,445-893,경기도 화성시 봉담읍 동화길 81-16,경기도 화성시 봉담읍 동화리 597번지 1호,445-893,37.2175919370,126.9590871897,복합쇼핑몰,196298.667303854    ,412856.90918779     ,대규모점포
화성시,라스플로레스,2017-12-13,,1,정상영업,,031-378-5331,34780,18478,경기도 화성시 동탄대로 537 (오산동),경기도 화성시 오산동 1019,18478,37.2022258061,127.0979268967,복합쇼핑몰,208624.936086903    ,411151.948385108    ,대규모점포
화성시,(주)이마트 스타필드 마켓 동탄점,2007-12-18,,1,정상영업,,02-380-5234,16336.64,445-170,경기도 화성시 동탄중앙로 376 (석우동),경기도 화성시 석우동 44번지,445-170,37.2144396098,127.0796825662,대형마트,207005.769592372    ,412503.434111401    ,대규모점포
화성시,트레이더스 홀세일 클럽 동탄점,2021-02-25,,1,정상영업,,02-380-9429,14828.36,18481,경기도 화성시 동탄대로 451(오산동),경기도 화성시 오산동 1022,18481,37.1935878821,127.0972065138,대형마트,208551.191176942    ,410187.304225812    ,대규모점포
화성시,롯데백화점 동탄점,2020-05-08,,1,정상영업,,031-320-4298,76978.9,18478,"경기도 화성시 동탄역로 160, 동탄역 롯데캐슬 (오산동)",경기도 화성시 오산동 967-157 동탄역 롯데캐슬,18478,37.2006753770,127.0979238519,백화점,208569.642431686    ,410949.263462028    ,대규모점포
화성시,타임테라스(TIMES TERRACE),2010-12-22,,1,정상영업,,031-371-7000,36585.2,445-160,경기도 화성시 동탄중앙로 220 (반송동),"경기도 화성시 반송동 96, 98번지",445-160,,,복합쇼핑몰,206044.332509042    ,411453.905695269    ,대규모점포
화성시,우정프라자(주),19950210,,1,정상영업,,031 2938405,,,경기도 화성시 봉담읍 삼천병마로 1271,경기도 화성군 봉담읍 상리 31-3호   ,18313,37.2199477896,126.9480582216,그 밖의 대규모점포,,,
화성시,이지바이 봉담,2023-01-09,,1,정상영업,,,5850.02,,경기도 화성시 봉담읍 상리1길 72,경기도 화성시 봉담읍 상리 691,18309,37.2246041273,126.9452964472,대형마트,,,대규모점포
화성시,홈플러스(주) 화성향남점,2011-02-07,,1,정상영업,,031-8059-8722,16403,445-926,경기도 화성시 향남읍 향남로 402,경기도 화성시 향남읍 행정리 487번지 1호,445-926,37.1307280406,126.9218562332,대형마트,192983.340400871    ,403222.825363217    ,대규모점포
화성시,롯데쇼핑(주)롯데슈퍼 신향남점,20170428,,1,정상영업,,031-8059-5601,313.4,18603,경기도 화성시 향남읍 행정중앙1로 14 (제이에스플라자),경기도 화성시 향남읍 행정리 462-5번지 제이에스플라자,18603,37.1258784228,126.9163319652,구분없음,192491              ,402706              ,준대규모점포
화성시,카림애비뉴,2017-04-17,,1,정상영업,,02-3011-2762,27586,18476,"경기도 화성시 동탄대로시범길 134 (청계동, 동탄역시범반도유보라아이비파크4.0)",경기도 화성시 청계동 536 동탄역시범반도유보라아이비파크4.0,,,,그 밖의 대규모점포,210075.319585403    ,410817.645865226    ,대규모점포
화성시,이마트 봉담점,20120420,,1,정상영업,,02-380-9414,10611.17,,경기도 화성시 봉담읍 효행로 278,경기도 화성시 봉담읍 동화리 133번지 1호 외 25필지,445893,37.2225812710,126.9720930168,대형마트,,,대규모점포
화성시,레이크꼬모,2019-11-11,,1,정상영업,,1588-9707,24653.29,18497,"경기도 화성시 동탄대로 181 (송동, 동탄린스트라우스더레이크)",경기도 화성시 송동 694 동탄린스트라우스더레이크,18497,37.1720763823,127.1040793298,그 밖의 대규모점포,209253.387443815    ,407725.114639407    ,대규모점포
화성시,홈플러스(주) 병점점,2006-01-20,,1,정상영업,,031 283 2080,13591.83,445-360,경기도 화성시 경기대로 985 (병점동),경기도 화성시 병점동 399번지 4호 외2필지,18412,37.2037240986,127.0367619429,대형마트,203188.196856075    ,411313.309756104    ,대규모점포
화성시,홈플러스(주)화성동탄점,2021-02-10,,1,정상영업,,03180157000,7668.62,445-160,경기도 화성시 동탄중앙로 200 (반송동),경기도 화성시 반송동 98번지,445-160,37.2032386960,127.0681376612,대형마트,206007.25472163     ,411214.942059565    ,대규모점포
,이마트 화성봉담점,2012-04-20,,1,정상영업,,0312281234,10611.17,,효행로  278,133번지 1호,,,,대형마트,,,대규모점포
,(주)이마트 봉담점,20120420,,1,정상영업,,031-228-1252,10611.17,,효행로  278,133번지 1호,,,,대형마트,197532.41800600000  ,413710.96730200000  ,대규모점포

